ID,Feedback Text,Category,Sentiment,Date
1,The exam was fair and reflected the course content.,Examination Pattern,Positive,2026-08-15
2,"Generally, the examination questions were relevant to the topics taught.",Examination Pattern,Positive,2026-09-03
3,The library resources are helpful when completing assignments.,Library Facilities,Positive,2026-06-17
4,The exam contained questions from topics that were barely discussed.,Examination Pattern,Negative,2026-03-28
5,"Overall, the exam was fair and reflected the course content.",Examination Pattern,Positive,2026-10-01
6,The examination time was not enough for the number of questions. This could improve the learning experience.,Examination Pattern,Negative,2026-02-03
7,The lecturer explains concepts clearly and gives useful examples.,Teacher Feedback,Positive,2026-09-26
8,"The exam was fair and reflected the course content. Overall, this is my observation.",Examination Pattern,Positive,2026-03-26
9,The exam provided a reasonable opportunity to demonstrate understanding.,Examination Pattern,Positive,2026-03-16
10,"In my experience, the course content needs to be updated to include current examples. This affects students' learning.",Course Content,Negative,2026-05-09
11,The course materials provide a good understanding of the subject. This affects students' learning.,Course Content,Positive,2026-04-05
12,The teacher is approachable and responds well to students' questions.,Teacher Feedback,Positive,2026-09-07
13,The library environment is quiet and suitable for studying.,Library Facilities,Positive,2026-04-09
14,"In my experience, the lecturer gives helpful explanations when students have difficulties.",Teacher Feedback,Positive,2026-05-03
15,"For this semester, the lecturer gives helpful explanations when students have difficulties.",Teacher Feedback,Positive,2026-09-06
16,"For this semester, the examination questions were relevant to the topics taught. This has helped my learning.",Examination Pattern,Positive,2026-05-31
17,"In my experience, the course materials provide a good understanding of the subject.",Course Content,Positive,2026-08-28
18,"Overall, the lecturer explains concepts clearly and gives useful examples. This has helped my learning.",Teacher Feedback,Positive,2026-02-17
19,"Generally, the lecturer gives helpful explanations when students have difficulties.",Teacher Feedback,Positive,2026-02-10
20,"For this semester, the computers work well during practical classes.",Laboratory,Positive,2026-05-23
21,The library resources are helpful when completing assignments.,Library Facilities,Positive,2026-02-12
22,The exam provided a reasonable opportunity to demonstrate understanding.,Examination Pattern,Positive,2026-08-16
23,"The course content is relevant and covers important concepts. Overall, this is my observation.",Course Content,Positive,2026-01-26
24,"Overall, the teacher uses lectures and class discussions to teach the course.",Teacher Feedback,Neutral,2026-06-28
25,"Generally, the library resources are helpful when completing assignments.",Library Facilities,Positive,2026-09-02
26,"Generally, the lecturer uses practical examples that make the lessons easy to understand.",Teacher Feedback,Positive,2026-05-31
27,The examination instructions were clear and easy to understand.,Examination Pattern,Positive,2026-07-31
28,"the teaching method is clear, organised and easy to follow. Overall, this is my observation.",Teacher Feedback,Positive,2026-03-18
29,"For this semester, the computers work well during practical classes.",Laboratory,Positive,2026-01-29
30,"The laboratory provides computers for scheduled practical sessions. Overall, this is my observation.",Laboratory,Neutral,2026-07-21
31,The library is available to students during its operating hours.,Library Facilities,Neutral,2026-09-17
32,The topics are well organised and useful for my studies.,Course Content,Positive,2026-02-26
33,The available equipment supports the practical requirements of the course. This could improve the learning experience.,Laboratory,Positive,2026-01-12
34,"In my experience, the available equipment supports the practical requirements of the course.",Laboratory,Positive,2026-06-16
35,the lecturer moves through lessons too quickly.,Teacher Feedback,Negative,2026-03-21
36,The laboratory has useful equipment for practical sessions.,Laboratory,Positive,2026-06-04
37,"For this semester, there are not enough seats for students during busy periods.",Library Facilities,Negative,2026-08-11
38,"For this semester, the available resources support my academic work.",Library Facilities,Positive,2026-07-27
39,"Generally, the lecturer provides explanations and examples during classes.",Teacher Feedback,Neutral,2026-05-17
40,"Overall, the lecturer covers the main topics included in the course outline. This could improve the learning experience.",Course Content,Neutral,2026-07-09
41,The lecturer gives helpful explanations when students have difficulties.,Teacher Feedback,Positive,2026-03-30
42,"For this semester, the laboratory facilities are adequate for most activities. This has helped my learning.",Laboratory,Positive,2026-03-11
43,"Overall, the library provides useful books and learning resources. This could improve the learning experience.",Library Facilities,Positive,2026-02-24
44,"Generally, the course materials provide a good understanding of the subject.",Course Content,Positive,2026-07-23
45,The available equipment supports the practical requirements of the course. This could improve the learning experience.,Laboratory,Positive,2026-05-02
46,"For this semester, the library provides access to useful academic materials.",Library Facilities,Positive,2026-05-17
47,"the laboratory facilities are adequate for most activities. Overall, this is my observation.",Laboratory,Positive,2026-07-29
48,the lecturer explains concepts clearly and gives useful examples.,Teacher Feedback,Positive,2026-07-19
49,The library provides access to useful academic materials.,Library Facilities,Positive,2026-01-28
50,The lecturer uses practical examples that make the lessons easy to understand.,Teacher Feedback,Positive,2026-04-26
51,"Generally, the practical sessions help students understand the course better.",Laboratory,Positive,2026-03-31
52,"Overall, the course content is presented according to the approved outline.",Course Content,Neutral,2026-01-20
53,"In my experience, the laboratory has useful equipment for practical sessions.",Laboratory,Positive,2026-04-05
54,the library has a comfortable space for students to read.,Library Facilities,Positive,2026-06-30
55,some library resources are outdated. This affects students' learning.,Library Facilities,Negative,2026-05-06
56,"For this semester, the syllabus contains practical and relevant topics.",Course Content,Positive,2026-02-22
57,"In my experience, the questions covered several topics from the course.",Examination Pattern,Neutral,2026-05-11
58,"In my experience, the examination instructions were unclear.",Examination Pattern,Negative,2026-04-08
59,"Generally, the available equipment supports the practical requirements of the course. This could improve the learning experience.",Laboratory,Positive,2026-04-17
60,The exam included both theoretical and practical questions.,Examination Pattern,Neutral,2026-07-30
61,"Generally, the lecturer covers the required topics during the semester. Overall, this is my observation.",Teacher Feedback,Neutral,2026-08-06
62,"For this semester, the laboratory facilities are adequate for most activities. This could improve the learning experience.",Laboratory,Positive,2026-07-24
63,"In my experience, the library environment is quiet and suitable for studying.",Library Facilities,Positive,2026-01-24
64,"For this semester, the exam was fair and reflected the course content.",Examination Pattern,Positive,2026-01-21
65,The course content is relevant and covers important concepts.,Course Content,Positive,2026-05-05
66,"For this semester, the course content is outdated and needs improvement.",Course Content,Negative,2026-02-27
67,"Overall, the topics are well organised and useful for my studies.",Course Content,Positive,2026-05-02
68,The lecturer covers the required topics during the semester.,Teacher Feedback,Neutral,2026-08-22
69,"Overall, the course materials provide a good understanding of the subject. This could improve the learning experience.",Course Content,Positive,2026-01-30
70,"For this semester, the topics covered are useful for developing my academic knowledge.",Course Content,Positive,2026-03-22
71,The available equipment supports the practical requirements of the course.,Laboratory,Positive,2026-01-18
72,"In my experience, the lecturer explains concepts clearly and gives useful examples. This could improve the learning experience.",Teacher Feedback,Positive,2026-09-17
73,"Overall, the internet connection is poor during practical sessions.",Laboratory,Negative,2026-04-10
74,The available equipment supports the practical requirements of the course. This has helped my learning.,Laboratory,Positive,2026-03-08
75,The teacher rarely responds to students' questions.,Teacher Feedback,Negative,2026-08-03
76,The examination pattern was appropriate for the course.,Examination Pattern,Positive,2026-05-07
77,"In my experience, the examination consisted of the required number of questions.",Examination Pattern,Neutral,2026-03-22
78,the laboratory has useful equipment for practical sessions.,Laboratory,Positive,2026-04-10
79,The library contains textbooks and other learning materials.,Library Facilities,Neutral,2026-01-27
80,The laboratory environment makes practical classes difficult.,Laboratory,Negative,2026-02-22
81,"Overall, students use the library to read and access academic materials.",Library Facilities,Neutral,2026-07-22
82,"In my experience, the examination questions were relevant to the topics taught. Overall, this is my observation.",Examination Pattern,Positive,2026-05-04
83,the syllabus contains topics that are not explained sufficiently.,Course Content,Negative,2026-06-26
84,The available resources support my academic work.,Library Facilities,Positive,2026-07-13
85,the examination consisted of the required number of questions.,Examination Pattern,Neutral,2026-01-12
86,The examination questions were relevant to the topics taught.,Examination Pattern,Positive,2026-07-26
87,The library provides books for different academic subjects.,Library Facilities,Neutral,2026-07-26
88,"the lecturer gives helpful explanations when students have difficulties. Overall, this is my observation.",Teacher Feedback,Positive,2026-05-25
89,"Generally, the laboratory environment makes practical classes difficult.",Laboratory,Negative,2026-08-24
90,the laboratory has useful equipment for practical sessions.,Laboratory,Positive,2026-08-26
91,"For this semester, the exam followed the general format used for the course.",Examination Pattern,Neutral,2026-06-23
92,the lecturer uses practical examples that make the lessons easy to understand.,Teacher Feedback,Positive,2026-03-22
93,The library has a comfortable space for students to read.,Library Facilities,Positive,2026-09-16
94,"Generally, the library provides useful books and learning resources.",Library Facilities,Positive,2026-05-13
95,"In my experience, the library provides useful books and learning resources.",Library Facilities,Positive,2026-05-04
96,"For this semester, the library provides useful books and learning resources.",Library Facilities,Positive,2026-09-10
97,"The teacher communicates the course topics effectively. Overall, this is my observation.",Teacher Feedback,Positive,2026-04-13
98,The lecturer gives helpful explanations when students have difficulties.,Teacher Feedback,Positive,2026-05-03
99,"In my experience, students use the available computers during practical classes.",Laboratory,Neutral,2026-02-10
100,"For this semester, the lecturer uses practical examples that make the lessons easy to understand. Overall, this is my observation.",Teacher Feedback,Positive,2026-05-12
101,The lecturer gives helpful explanations when students have difficulties.,Teacher Feedback,Positive,2026-03-30
102,"Overall, the available resources support my academic work.",Library Facilities,Positive,2026-08-08
103,"Overall, the course contains theoretical and practical topics. Overall, this is my observation.",Course Content,Neutral,2026-05-26
104,"The teaching method is clear, organised and easy to follow.",Teacher Feedback,Positive,2026-06-04
105,The examination instructions were clear and easy to understand.,Examination Pattern,Positive,2026-05-07
106,"Generally, the course content needs to be updated to include current examples. This affects students' learning.",Course Content,Negative,2026-09-24
107,The laboratory is used for practical activities related to the course.,Laboratory,Neutral,2026-05-03
108,The examination was conducted according to the scheduled date. This could improve the learning experience.,Examination Pattern,Neutral,2026-03-29
109,The library environment is quiet and suitable for studying.,Library Facilities,Positive,2026-02-06
110,"For this semester, the questions covered several topics from the course. Overall, this is my observation.",Examination Pattern,Neutral,2026-10-07
111,"Generally, the laboratory has useful equipment for practical sessions. This could improve the learning experience.",Laboratory,Positive,2026-02-11
112,The library does not have enough current textbooks.,Library Facilities,Negative,2026-10-04
113,Many useful books are unavailable in the library.,Library Facilities,Negative,2026-09-10
114,"The teaching method is clear, organised and easy to follow.",Teacher Feedback,Positive,2026-02-10
115,"In my experience, the exam contained questions from topics that were barely discussed.",Examination Pattern,Negative,2026-01-15
116,The examination instructions were clear and easy to understand.,Examination Pattern,Positive,2026-09-09
117,The examination questions were relevant to the topics taught.,Examination Pattern,Positive,2026-07-26
118,The questions tested the important concepts covered in class.,Examination Pattern,Positive,2026-09-13
119,"For this semester, the examination instructions were clear and easy to understand.",Examination Pattern,Positive,2026-06-24
120,"Generally, the library provides a space for individual study.",Library Facilities,Neutral,2026-04-12
121,students are assigned laboratory tasks during the semester.,Laboratory,Neutral,2026-02-18
122,The library provides useful books and learning resources.,Library Facilities,Positive,2026-08-03
123,the lecturer does not explain difficult topics clearly.,Teacher Feedback,Negative,2026-07-24
124,"In my experience, the lecturer uses practical examples that make the lessons easy to understand. This could improve the learning experience.",Teacher Feedback,Positive,2026-05-10
125,"Overall, the library environment is quiet and suitable for studying.",Library Facilities,Positive,2026-05-10
126,The course contains theoretical and practical topics.,Course Content,Neutral,2026-03-15
127,Some important topics are not covered in the course.,Course Content,Negative,2026-06-19
128,"In my experience, the library environment is quiet and suitable for studying.",Library Facilities,Positive,2026-07-29
129,"For this semester, the laboratory provides a good environment for hands-on learning.",Laboratory,Positive,2026-02-24
130,"The lecturer explains concepts clearly and gives useful examples. Overall, this is my observation.",Teacher Feedback,Positive,2026-03-12
131,The semester covers the major topics in the syllabus.,Course Content,Neutral,2026-01-23
132,"the topics covered are useful for developing my academic knowledge. Overall, this is my observation.",Course Content,Positive,2026-09-14
133,"Generally, students can use the reading area for academic activities.",Library Facilities,Neutral,2026-01-29
134,The available equipment supports the practical requirements of the course.,Laboratory,Positive,2026-05-29
135,"For this semester, students often have to share computers during laboratory work.",Laboratory,Negative,2026-06-23
136,"In my experience, the library has a comfortable space for students to read.",Library Facilities,Positive,2026-09-14
137,"The computers work well during practical classes. Overall, this is my observation.",Laboratory,Positive,2026-07-10
138,The course materials provide a good understanding of the subject.,Course Content,Positive,2026-06-10
139,The examination instructions were clear and easy to understand.,Examination Pattern,Positive,2026-05-30
140,The library provides useful books and learning resources. This affects students' learning.,Library Facilities,Positive,2026-08-04
141,The lecturer gives assignments and discusses them in class.,Teacher Feedback,Neutral,2026-06-01
142,"The lecturer gives helpful explanations when students have difficulties. Overall, this is my observation.",Teacher Feedback,Positive,2026-04-17
143,"Overall, the examination questions were relevant to the topics taught.",Examination Pattern,Positive,2026-08-05
144,"Overall, the library provides access to useful academic materials.",Library Facilities,Positive,2026-08-24
145,The course content is presented according to the approved outline.,Course Content,Neutral,2026-01-15
146,"The lecturer explains concepts clearly and gives useful examples. Overall, this is my observation.",Teacher Feedback,Positive,2026-09-04
147,The practical sessions help students understand the course better.,Laboratory,Positive,2026-02-27
148,"For this semester, the lecturer is often unavailable when students need clarification. Overall, this is my observation.",Teacher Feedback,Negative,2026-02-19
149,"In my experience, the available resources support my academic work.",Library Facilities,Positive,2026-02-14
150,The topics are well organised and useful for my studies.,Course Content,Positive,2026-05-17
151,the laboratory provides a good environment for hands-on learning.,Laboratory,Positive,2026-09-22
152,the semester covers the major topics in the syllabus.,Course Content,Neutral,2026-05-11
153,the semester covers the major topics in the syllabus.,Course Content,Neutral,2026-05-15
154,The examination contained questions from different parts of the syllabus.,Examination Pattern,Neutral,2026-08-04
155,"Overall, students often have to share computers during laboratory work.",Laboratory,Negative,2026-04-01
156,There is too much theory and not enough practical content.,Course Content,Negative,2026-08-11
157,"In my experience, the laboratory facilities are adequate for most activities.",Laboratory,Positive,2026-03-09
158,The exam provided a reasonable opportunity to demonstrate understanding. This has helped my learning.,Examination Pattern,Positive,2026-02-17
159,"Generally, the lecturer gives helpful explanations when students have difficulties. This has helped my learning.",Teacher Feedback,Positive,2026-02-14
160,The available equipment supports the practical requirements of the course.,Laboratory,Positive,2026-10-01
161,"Generally, the teaching method is clear, organised and easy to follow.",Teacher Feedback,Positive,2026-09-17
162,"Generally, the practical sessions include demonstrations and exercises.",Laboratory,Neutral,2026-07-17
163,the laboratory is used for practical activities related to the course. This could improve the learning experience.,Laboratory,Neutral,2026-09-25
164,"Overall, the library resources are helpful when completing assignments.",Library Facilities,Positive,2026-06-10
165,"In my experience, the library provides a space for individual study.",Library Facilities,Neutral,2026-06-21
166,"For this semester, the course contains theoretical and practical topics.",Course Content,Neutral,2026-08-28
167,"Overall, the library has a comfortable space for students to read.",Library Facilities,Positive,2026-09-05
168,"Overall, the topics are well organised and useful for my studies. This could improve the learning experience.",Course Content,Positive,2026-03-27
169,Students use the available computers during practical classes.,Laboratory,Neutral,2026-10-07
170,The lecturer gives assignments and discusses them in class.,Teacher Feedback,Neutral,2026-03-27
171,"In my experience, the course content is interesting and supports further learning.",Course Content,Positive,2026-07-31
172,the lecturer uses practical examples that make the lessons easy to understand. This affects students' learning.,Teacher Feedback,Positive,2026-02-18
173,The course content is interesting and supports further learning.,Course Content,Positive,2026-05-16
174,The examination time was not enough for the number of questions.,Examination Pattern,Negative,2026-06-24
175,"Overall, the course content is relevant and covers important concepts. This has helped my learning.",Course Content,Positive,2026-01-14
176,"For this semester, the teacher rarely responds to students' questions.",Teacher Feedback,Negative,2026-07-04
177,"For this semester, the laboratory has useful equipment for practical sessions.",Laboratory,Positive,2026-02-23
178,the laboratory provides a good environment for hands-on learning. This affects students' learning.,Laboratory,Positive,2026-08-25
179,The exam provided a reasonable opportunity to demonstrate understanding. This affects students' learning.,Examination Pattern,Positive,2026-01-29
180,The laboratory is used for practical activities related to the course.,Laboratory,Neutral,2026-02-20
181,"Generally, the semester covers the major topics in the syllabus. This could improve the learning experience.",Course Content,Neutral,2026-04-14
182,"For this semester, the reading area can be too crowded for effective study.",Library Facilities,Negative,2026-03-06
183,"Generally, the questions covered several topics from the course. Overall, this is my observation.",Examination Pattern,Neutral,2026-02-19
184,"For this semester, the available resources support my academic work.",Library Facilities,Positive,2026-02-12
185,The course content is relevant and covers important concepts.,Course Content,Positive,2026-01-18
186,the exam was fair and reflected the course content.,Examination Pattern,Positive,2026-03-11
187,Students use the available computers during practical classes.,Laboratory,Neutral,2026-10-07
188,"Overall, students often have to share computers during laboratory work.",Laboratory,Negative,2026-05-22
189,"For this semester, the syllabus contains topics that are not explained sufficiently.",Course Content,Negative,2026-02-10
190,"For this semester, the library provides access to useful academic materials.",Library Facilities,Positive,2026-03-27
191,the computers work well during practical classes. This could improve the learning experience.,Laboratory,Positive,2026-08-03
192,The semester covers the major topics in the syllabus.,Course Content,Neutral,2026-08-24
193,"Generally, the course content needs to be updated to include current examples. This has helped my learning.",Course Content,Negative,2026-05-18
194,"The teaching method is clear, organised and easy to follow.",Teacher Feedback,Positive,2026-08-02
195,the syllabus contains practical and relevant topics.,Course Content,Positive,2026-02-27
196,There is too much theory and not enough practical content.,Course Content,Negative,2026-03-28
197,The teaching activities are conducted according to the timetable.,Teacher Feedback,Neutral,2026-01-27
198,"The teacher is approachable and responds well to students' questions. Overall, this is my observation.",Teacher Feedback,Positive,2026-07-17
199,"For this semester, the available resources support my academic work.",Library Facilities,Positive,2026-09-20
200,"The teaching method is clear, organised and easy to follow. This affects students' learning.",Teacher Feedback,Positive,2026-02-07
201,"Generally, the exam pattern did not reflect what was taught in class.",Examination Pattern,Negative,2026-07-14
202,"Students use the available computers during practical classes. Overall, this is my observation.",Laboratory,Neutral,2026-07-31
203,"In my experience, some examination questions were confusing.",Examination Pattern,Negative,2026-05-06
204,"Overall, the teacher does not provide enough examples during lectures.",Teacher Feedback,Negative,2026-04-02
205,The course content is outdated and needs improvement.,Course Content,Negative,2026-05-20
206,"Generally, the teaching method is clear, organised and easy to follow.",Teacher Feedback,Positive,2026-05-14
207,"Generally, the examination pattern was appropriate for the course. Overall, this is my observation.",Examination Pattern,Positive,2026-05-20
208,The library has a comfortable space for students to read. This could improve the learning experience.,Library Facilities,Positive,2026-05-20
209,"For this semester, some topics are difficult because the course materials are incomplete.",Course Content,Negative,2026-10-07
210,"Overall, the lecturer gives helpful explanations when students have difficulties.",Teacher Feedback,Positive,2026-05-16
211,"Overall, the library provides access to useful academic materials.",Library Facilities,Positive,2026-04-17
212,The teacher follows the course outline for most of the semester. This affects students' learning.,Teacher Feedback,Neutral,2026-07-25
213,The course materials provide a good understanding of the subject.,Course Content,Positive,2026-02-24
214,the library resources are helpful when completing assignments. This has helped my learning.,Library Facilities,Positive,2026-08-10
215,"For this semester, the topics are well organised and useful for my studies.",Course Content,Positive,2026-06-22
216,The available resources support my academic work.,Library Facilities,Positive,2026-03-02
217,"Overall, the library provides a space for individual study. This affects students' learning.",Library Facilities,Neutral,2026-07-01
218,The exam was fair and reflected the course content.,Examination Pattern,Positive,2026-03-12
219,"Generally, the exam was fair and reflected the course content.",Examination Pattern,Positive,2026-07-20
220,"For this semester, the practical sessions include demonstrations and exercises. This affects students' learning.",Laboratory,Neutral,2026-09-01
221,students often have to share computers during laboratory work.,Laboratory,Negative,2026-09-12
222,The examination questions were relevant to the topics taught. This affects students' learning.,Examination Pattern,Positive,2026-07-10
223,The computers work well during practical classes.,Laboratory,Positive,2026-09-23
224,"For this semester, the laboratory provides a good environment for hands-on learning. This could improve the learning experience.",Laboratory,Positive,2026-01-21
225,"Students use the library to read and access academic materials. Overall, this is my observation.",Library Facilities,Neutral,2026-07-20
226,The exam provided a reasonable opportunity to demonstrate understanding. This could improve the learning experience.,Examination Pattern,Positive,2026-08-14
227,"Overall, the teacher communicates the course topics effectively.",Teacher Feedback,Positive,2026-01-12
228,"Overall, the lecturer uses practical examples that make the lessons easy to understand.",Teacher Feedback,Positive,2026-04-24
229,The questions tested the important concepts covered in class.,Examination Pattern,Positive,2026-07-02
230,The teaching activities are conducted according to the timetable.,Teacher Feedback,Neutral,2026-07-30
231,"Overall, the examination was conducted according to the scheduled date.",Examination Pattern,Neutral,2026-08-18
232,The lecturer moves through lessons too quickly.,Teacher Feedback,Negative,2026-03-30
233,"In my experience, the examination contained questions from different parts of the syllabus.",Examination Pattern,Neutral,2026-10-02
234,The library has a comfortable space for students to read.,Library Facilities,Positive,2026-01-12
235,The course content is relevant and covers important concepts. This could improve the learning experience.,Course Content,Positive,2026-06-03
236,The teacher follows the course outline for most of the semester.,Teacher Feedback,Neutral,2026-04-06
237,"In my experience, the examination questions were relevant to the topics taught. This has helped my learning.",Examination Pattern,Positive,2026-03-31
238,"The topics are well organised and useful for my studies. Overall, this is my observation.",Course Content,Positive,2026-03-07
239,The laboratory provides a good environment for hands-on learning.,Laboratory,Positive,2026-02-05
240,"For this semester, the library provides useful books and learning resources.",Library Facilities,Positive,2026-06-06
241,The library provides books for different academic subjects. This has helped my learning.,Library Facilities,Neutral,2026-04-10
242,"The laboratory has useful equipment for practical sessions. Overall, this is my observation.",Laboratory,Positive,2026-04-14
243,The lecturer covers the required topics during the semester.,Teacher Feedback,Neutral,2026-01-13
244,"Generally, the library contains textbooks and other learning materials.",Library Facilities,Neutral,2026-04-07
245,The computers work well during practical classes.,Laboratory,Positive,2026-03-06
246,"For this semester, the course content is interesting and supports further learning.",Course Content,Positive,2026-03-19
247,"In my experience, the teaching method is clear, organised and easy to follow.",Teacher Feedback,Positive,2026-08-30
248,"Generally, the library has a comfortable space for students to read.",Library Facilities,Positive,2026-09-01
249,"Generally, some topics are difficult because the course materials are incomplete.",Course Content,Negative,2026-08-11
250,Some topics are difficult because the course materials are incomplete.,Course Content,Negative,2026-03-19
251,"For this semester, the examination questions were relevant to the topics taught.",Examination Pattern,Positive,2026-02-15
252,the course materials provide a good understanding of the subject.,Course Content,Positive,2026-04-24
253,the laboratory provides computers for scheduled practical sessions.,Laboratory,Neutral,2026-05-04
254,"For this semester, the syllabus contains practical and relevant topics.",Course Content,Positive,2026-09-09
255,"In my experience, students use the library to read and access academic materials.",Library Facilities,Neutral,2026-08-03
256,"Generally, the teacher follows the course outline for most of the semester.",Teacher Feedback,Neutral,2026-06-03
257,"Overall, the examination pattern was appropriate for the course.",Examination Pattern,Positive,2026-03-12
258,Laboratory sessions are conducted according to the timetable.,Laboratory,Neutral,2026-10-03
259,the practical sessions help students understand the course better.,Laboratory,Positive,2026-02-09
260,The lecturer uses practical examples that make the lessons easy to understand.,Teacher Feedback,Positive,2026-07-23
261,The practical sessions include demonstrations and exercises.,Laboratory,Neutral,2026-01-14
262,"Overall, the teaching method is clear, organised and easy to follow.",Teacher Feedback,Positive,2026-05-28
263,"Generally, the teacher is approachable and responds well to students' questions.",Teacher Feedback,Positive,2026-09-23
264,the laboratory has useful equipment for practical sessions.,Laboratory,Positive,2026-05-18
265,The teacher communicates the course topics effectively.,Teacher Feedback,Positive,2026-09-27
266,"For this semester, the lecturer uses practical examples that make the lessons easy to understand.",Teacher Feedback,Positive,2026-03-05
267,The lecturer gives assignments and discusses them in class.,Teacher Feedback,Neutral,2026-09-17
268,The topics covered are useful for developing my academic knowledge.,Course Content,Positive,2026-10-02
269,"The available equipment supports the practical requirements of the course. Overall, this is my observation.",Laboratory,Positive,2026-08-25
270,The examination pattern was appropriate for the course.,Examination Pattern,Positive,2026-08-24
271,"For this semester, the laboratory provides computers for scheduled practical sessions.",Laboratory,Neutral,2026-01-31
272,"The library resources are helpful when completing assignments. Overall, this is my observation.",Library Facilities,Positive,2026-04-18
273,"Generally, the exam followed the general format used for the course.",Examination Pattern,Neutral,2026-02-06
274,The exam provided a reasonable opportunity to demonstrate understanding.,Examination Pattern,Positive,2026-04-19
275,"Generally, the lecturer covers the required topics during the semester.",Teacher Feedback,Neutral,2026-03-16
276,"Generally, the teaching method is clear, organised and easy to follow.",Teacher Feedback,Positive,2026-07-05
277,the exam was fair and reflected the course content.,Examination Pattern,Positive,2026-05-20
278,"In my experience, the questions covered several topics from the course.",Examination Pattern,Neutral,2026-03-14
279,The lecturer covers the main topics included in the course outline.,Course Content,Neutral,2026-06-17
280,"The internet connection is poor during practical sessions. Overall, this is my observation.",Laboratory,Negative,2026-04-25
281,"Generally, the teacher communicates the course topics effectively.",Teacher Feedback,Positive,2026-06-03
282,Students are assigned laboratory tasks during the semester.,Laboratory,Neutral,2026-02-16
283,"For this semester, the practical sessions help students understand the course better. This could improve the learning experience.",Laboratory,Positive,2026-01-31
284,"Generally, the questions tested the important concepts covered in class. This affects students' learning.",Examination Pattern,Positive,2026-01-17
285,"Overall, the lecturer gives assignments and discusses them in class. This affects students' learning.",Teacher Feedback,Neutral,2026-01-18
286,"Overall, the questions covered several topics from the course.",Examination Pattern,Neutral,2026-02-18
287,"For this semester, the teaching activities are conducted according to the timetable.",Teacher Feedback,Neutral,2026-05-26
288,The computers work well during practical classes.,Laboratory,Positive,2026-01-12
289,The library has a comfortable space for students to read.,Library Facilities,Positive,2026-06-06
290,Some important topics are not covered in the course.,Course Content,Negative,2026-10-01
291,Students often have to share computers during laboratory work.,Laboratory,Negative,2026-09-18
292,"For this semester, the laboratory has useful equipment for practical sessions.",Laboratory,Positive,2026-07-16
293,The teacher is approachable and responds well to students' questions. This affects students' learning.,Teacher Feedback,Positive,2026-07-31
294,"Generally, the library has a comfortable space for students to read.",Library Facilities,Positive,2026-01-16
295,the practical sessions help students understand the course better. This affects students' learning.,Laboratory,Positive,2026-09-08
296,"In my experience, the library provides access to useful academic materials.",Library Facilities,Positive,2026-05-31
297,the exam was fair and reflected the course content.,Examination Pattern,Positive,2026-03-25
298,"For this semester, the library environment is quiet and suitable for studying. Overall, this is my observation.",Library Facilities,Positive,2026-08-19
299,The computers work well during practical classes.,Laboratory,Positive,2026-09-10
300,"In my experience, the computers work well during practical classes.",Laboratory,Positive,2026-06-14
301,"For this semester, the course content is relevant and covers important concepts.",Course Content,Positive,2026-04-11
302,"For this semester, the laboratory provides computers for scheduled practical sessions. This could improve the learning experience.",Laboratory,Neutral,2026-07-21
303,"Generally, the laboratory facilities are adequate for most activities.",Laboratory,Positive,2026-06-23
304,The exam pattern did not reflect what was taught in class.,Examination Pattern,Negative,2026-07-14
305,The library has a comfortable space for students to read.,Library Facilities,Positive,2026-06-14
306,the examination contained questions from different parts of the syllabus.,Examination Pattern,Neutral,2026-06-07
307,"Overall, the topics covered are useful for developing my academic knowledge.",Course Content,Positive,2026-06-28
308,Laboratory sessions are conducted according to the timetable.,Laboratory,Neutral,2026-03-22
309,The library provides useful books and learning resources.,Library Facilities,Positive,2026-02-22
310,The examination instructions were clear and easy to understand.,Examination Pattern,Positive,2026-07-16
311,The topics are well organised and useful for my studies.,Course Content,Positive,2026-08-05
312,The exam included both theoretical and practical questions.,Examination Pattern,Neutral,2026-05-16
313,"Generally, the library provides books for different academic subjects.",Library Facilities,Neutral,2026-01-12
314,"Generally, the course content is relevant and covers important concepts.",Course Content,Positive,2026-03-23
315,The lecturer gives helpful explanations when students have difficulties.,Teacher Feedback,Positive,2026-05-26
316,The computers work well during practical classes. This could improve the learning experience.,Laboratory,Positive,2026-06-20
317,the laboratory has useful equipment for practical sessions. This could improve the learning experience.,Laboratory,Positive,2026-08-21
318,"Generally, the lecturer gives assignments and discusses them in class.",Teacher Feedback,Neutral,2026-03-27
319,The lecturer uses practical examples that make the lessons easy to understand.,Teacher Feedback,Positive,2026-04-09
320,Some laboratory equipment is outdated.,Laboratory,Negative,2026-04-08
321,Some topics are difficult because the course materials are incomplete. This has helped my learning.,Course Content,Negative,2026-04-02
322,The library resources are helpful when completing assignments.,Library Facilities,Positive,2026-04-19
323,The examination was conducted according to the scheduled date.,Examination Pattern,Neutral,2026-08-28
324,The laboratory provides a good environment for hands-on learning. This could improve the learning experience.,Laboratory,Positive,2026-05-29
325,"Generally, the learning materials cover the required subject areas.",Course Content,Neutral,2026-09-05
326,"Overall, the examination questions were relevant to the topics taught.",Examination Pattern,Positive,2026-09-25
327,"For this semester, the computers work well during practical classes.",Laboratory,Positive,2026-03-22
328,"In my experience, the library environment is quiet and suitable for studying.",Library Facilities,Positive,2026-03-18
329,The lecturer covers the required topics during the semester.,Teacher Feedback,Neutral,2026-09-16
330,"Overall, the course content is relevant and covers important concepts.",Course Content,Positive,2026-04-02
331,"For this semester, the laboratory provides a good environment for hands-on learning.",Laboratory,Positive,2026-08-04
332,"Overall, the library provides useful books and learning resources.",Library Facilities,Positive,2026-06-02
333,The laboratory provides computers for scheduled practical sessions. This has helped my learning.,Laboratory,Neutral,2026-07-25
334,The lecturer uses practical examples that make the lessons easy to understand.,Teacher Feedback,Positive,2026-08-12
335,"Generally, the laboratory provides computers for scheduled practical sessions.",Laboratory,Neutral,2026-09-27
336,the laboratory facilities are adequate for most activities. This affects students' learning.,Laboratory,Positive,2026-04-02
337,The exam provided a reasonable opportunity to demonstrate understanding.,Examination Pattern,Positive,2026-05-08
338,the available resources support my academic work.,Library Facilities,Positive,2026-06-10
339,Students use the available computers during practical classes. This has helped my learning.,Laboratory,Neutral,2026-08-18
340,"Generally, students are assigned laboratory tasks during the semester.",Laboratory,Neutral,2026-08-12
341,The computers work well during practical classes.,Laboratory,Positive,2026-07-29
342,The lecturer explains concepts clearly and gives useful examples. This could improve the learning experience.,Teacher Feedback,Positive,2026-04-09
343,"Overall, the exam included both theoretical and practical questions.",Examination Pattern,Neutral,2026-01-26
344,"For this semester, the exam contained questions from topics that were barely discussed.",Examination Pattern,Negative,2026-08-22
345,the teacher is approachable and responds well to students' questions.,Teacher Feedback,Positive,2026-10-02
346,"In my experience, the library provides a space for individual study.",Library Facilities,Neutral,2026-02-11
347,The library provides useful books and learning resources.,Library Facilities,Positive,2026-02-21
348,The exam contained questions from topics that were barely discussed.,Examination Pattern,Negative,2026-06-23
349,The laboratory has useful equipment for practical sessions.,Laboratory,Positive,2026-08-11
350,The teacher does not provide enough examples during lectures.,Teacher Feedback,Negative,2026-04-01
351,The laboratory provides a good environment for hands-on learning.,Laboratory,Positive,2026-07-27
352,The teaching activities are conducted according to the timetable.,Teacher Feedback,Neutral,2026-03-12
353,The library environment is quiet and suitable for studying.,Library Facilities,Positive,2026-05-06
354,The teaching activities are conducted according to the timetable. This could improve the learning experience.,Teacher Feedback,Neutral,2026-09-10
355,"Overall, the course follows the topics listed in the syllabus.",Course Content,Neutral,2026-02-12
356,"In my experience, the exam contained questions from topics that were barely discussed.",Examination Pattern,Negative,2026-01-30
357,"Generally, the exam provided a reasonable opportunity to demonstrate understanding.",Examination Pattern,Positive,2026-05-21
358,The topics are well organised and useful for my studies.,Course Content,Positive,2026-05-15
359,"In my experience, the teacher communicates the course topics effectively.",Teacher Feedback,Positive,2026-02-22
360,The available equipment supports the practical requirements of the course.,Laboratory,Positive,2026-09-15
361,The practical sessions help students understand the course better.,Laboratory,Positive,2026-06-30
362,The laboratory facilities are adequate for most activities. This affects students' learning.,Laboratory,Positive,2026-03-26
363,The exam was fair and reflected the course content.,Examination Pattern,Positive,2026-03-31
364,"Overall, the exam included both theoretical and practical questions. Overall, this is my observation.",Examination Pattern,Neutral,2026-04-22
365,The library resources are helpful when completing assignments.,Library Facilities,Positive,2026-09-03
366,The reading area can be too crowded for effective study.,Library Facilities,Negative,2026-05-26
367,"Generally, the teaching method makes some topics difficult to understand.",Teacher Feedback,Negative,2026-05-19
368,"Generally, the exam contained questions from topics that were barely discussed. This has helped my learning.",Examination Pattern,Negative,2026-01-18
369,"Generally, the exam provided a reasonable opportunity to demonstrate understanding.",Examination Pattern,Positive,2026-07-21
370,"For this semester, the teacher is approachable and responds well to students' questions. This could improve the learning experience.",Teacher Feedback,Positive,2026-06-05
371,"In my experience, some library resources are outdated.",Library Facilities,Negative,2026-09-14
372,The course follows the topics listed in the syllabus.,Course Content,Neutral,2026-08-18
373,"The topics are well organised and useful for my studies. Overall, this is my observation.",Course Content,Positive,2026-08-01
374,The laboratory provides a good environment for hands-on learning.,Laboratory,Positive,2026-06-30
375,"For this semester, the laboratory facilities are adequate for most activities.",Laboratory,Positive,2026-04-03
376,The examination instructions were clear and easy to understand.,Examination Pattern,Positive,2026-01-12
377,The teacher communicates the course topics effectively.,Teacher Feedback,Positive,2026-01-23
378,"Overall, the library provides a space for individual study.",Library Facilities,Neutral,2026-04-21
379,The course content is interesting and supports further learning.,Course Content,Positive,2026-06-23
380,the course content is outdated and needs improvement. This affects students' learning.,Course Content,Negative,2026-05-07
381,The library provides access to useful academic materials.,Library Facilities,Positive,2026-08-16
382,The laboratory has useful equipment for practical sessions.,Laboratory,Positive,2026-08-19
383,The teaching activities are conducted according to the timetable.,Teacher Feedback,Neutral,2026-05-13
384,"Overall, the syllabus contains practical and relevant topics.",Course Content,Positive,2026-08-14
385,"Generally, the library needs better internet access for academic research.",Library Facilities,Negative,2026-07-31
386,the laboratory does not have enough equipment for all students.,Laboratory,Negative,2026-03-01
387,The course materials provide a good understanding of the subject. This could improve the learning experience.,Course Content,Positive,2026-02-08
388,The examination pattern was appropriate for the course.,Examination Pattern,Positive,2026-04-17
389,"Generally, the library environment is quiet and suitable for studying.",Library Facilities,Positive,2026-08-28
390,"Overall, students use the library to read and access academic materials. This could improve the learning experience.",Library Facilities,Neutral,2026-05-23
391,"In my experience, the lecturer uses practical examples that make the lessons easy to understand.",Teacher Feedback,Positive,2026-07-12
392,The topics are well organised and useful for my studies. This could improve the learning experience.,Course Content,Positive,2026-06-28
393,the laboratory provides a good environment for hands-on learning.,Laboratory,Positive,2026-09-25
394,"Generally, some laboratory equipment is outdated.",Laboratory,Negative,2026-07-31
395,The available resources support my academic work.,Library Facilities,Positive,2026-01-18
396,the teacher communicates the course topics effectively.,Teacher Feedback,Positive,2026-02-05
397,"In my experience, the library provides useful books and learning resources.",Library Facilities,Positive,2026-08-21
398,"Overall, students use the library to read and access academic materials.",Library Facilities,Neutral,2026-06-16
399,The computers work well during practical classes.,Laboratory,Positive,2026-05-09
400,"In my experience, the practical sessions help students understand the course better.",Laboratory,Positive,2026-08-08
401,"Overall, the laboratory facilities are adequate for most activities. This has helped my learning.",Laboratory,Positive,2026-08-22
402,the lecturer uses practical examples that make the lessons easy to understand.,Teacher Feedback,Positive,2026-08-18
403,The teacher communicates the course topics effectively.,Teacher Feedback,Positive,2026-04-01
404,The practical sessions help students understand the course better.,Laboratory,Positive,2026-03-10
405,"For this semester, the examination was conducted according to the scheduled date.",Examination Pattern,Neutral,2026-03-01
406,"In my experience, the course materials provide a good understanding of the subject.",Course Content,Positive,2026-02-25
407,the library has a comfortable space for students to read.,Library Facilities,Positive,2026-07-12
408,"In my experience, the library provides a space for individual study.",Library Facilities,Neutral,2026-02-18
409,the course follows the topics listed in the syllabus.,Course Content,Neutral,2026-01-14
410,Some library resources are outdated.,Library Facilities,Negative,2026-03-05
411,"The examination pattern was appropriate for the course. Overall, this is my observation.",Examination Pattern,Positive,2026-07-24
412,"Overall, the lecturer is often unavailable when students need clarification.",Teacher Feedback,Negative,2026-06-15
413,The examination pattern was appropriate for the course.,Examination Pattern,Positive,2026-06-04
414,There is too much theory and not enough practical content.,Course Content,Negative,2026-08-12
415,"In my experience, the examination instructions were unclear.",Examination Pattern,Negative,2026-07-05
416,"In my experience, the syllabus contains practical and relevant topics.",Course Content,Positive,2026-07-21
417,"Overall, the exam provided a reasonable opportunity to demonstrate understanding.",Examination Pattern,Positive,2026-09-21
418,"In my experience, the teacher communicates the course topics effectively. This affects students' learning.",Teacher Feedback,Positive,2026-06-25
419,The laboratory is used for practical activities related to the course.,Laboratory,Neutral,2026-03-12
420,the course content is relevant and covers important concepts. This has helped my learning.,Course Content,Positive,2026-09-28
421,"Generally, the examination questions were relevant to the topics taught.",Examination Pattern,Positive,2026-02-12
422,The questions covered several topics from the course.,Examination Pattern,Neutral,2026-07-03
423,"Overall, the library provides a space for individual study.",Library Facilities,Neutral,2026-03-15
424,The laboratory facilities are adequate for most activities.,Laboratory,Positive,2026-05-21
425,The examination instructions were clear and easy to understand.,Examination Pattern,Positive,2026-01-19
426,"In my experience, the practical sessions include demonstrations and exercises.",Laboratory,Neutral,2026-09-19
427,"For this semester, the library is available to students during its operating hours.",Library Facilities,Neutral,2026-01-21
428,the examination pattern was appropriate for the course.,Examination Pattern,Positive,2026-01-19
429,"The teaching method is clear, organised and easy to follow.",Teacher Feedback,Positive,2026-05-16
430,the library is available to students during its operating hours.,Library Facilities,Neutral,2026-08-01
431,"Overall, the teacher communicates the course topics effectively.",Teacher Feedback,Positive,2026-05-26
432,The laboratory provides a good environment for hands-on learning.,Laboratory,Positive,2026-05-10
433,The teacher uses lectures and class discussions to teach the course.,Teacher Feedback,Neutral,2026-09-13
434,"For this semester, the lecturer gives helpful explanations when students have difficulties.",Teacher Feedback,Positive,2026-07-19
435,"For this semester, the syllabus contains practical and relevant topics.",Course Content,Positive,2026-06-08
436,the lecturer gives helpful explanations when students have difficulties. This affects students' learning.,Teacher Feedback,Positive,2026-05-06
437,"Generally, students use the available computers during practical classes.",Laboratory,Neutral,2026-01-28
438,The course materials provide a good understanding of the subject. This affects students' learning.,Course Content,Positive,2026-03-24
439,The topics covered are useful for developing my academic knowledge.,Course Content,Positive,2026-01-29
440,The examination was conducted according to the scheduled date.,Examination Pattern,Neutral,2026-08-17
441,"Overall, the library environment is quiet and suitable for studying.",Library Facilities,Positive,2026-05-11
442,The topics covered are useful for developing my academic knowledge.,Course Content,Positive,2026-09-16
443,The examination questions were relevant to the topics taught.,Examination Pattern,Positive,2026-05-12
444,the lecturer covers the main topics included in the course outline.,Course Content,Neutral,2026-05-17
445,"In my experience, the examination time was not enough for the number of questions.",Examination Pattern,Negative,2026-08-01
446,The library resources are helpful when completing assignments.,Library Facilities,Positive,2026-09-28
447,The laboratory facilities are adequate for most activities.,Laboratory,Positive,2026-10-01
448,the examination pattern was appropriate for the course.,Examination Pattern,Positive,2026-08-20
449,"Overall, the course content is presented according to the approved outline.",Course Content,Neutral,2026-02-09
450,"For this semester, the lecturer moves through lessons too quickly. This has helped my learning.",Teacher Feedback,Negative,2026-08-02
451,the lecturer gives helpful explanations when students have difficulties. This has helped my learning.,Teacher Feedback,Positive,2026-06-07
452,"In my experience, the topics covered are useful for developing my academic knowledge.",Course Content,Positive,2026-05-03
453,"Generally, the examination questions were relevant to the topics taught.",Examination Pattern,Positive,2026-08-04
454,The laboratory provides a good environment for hands-on learning. This has helped my learning.,Laboratory,Positive,2026-07-15
455,"In my experience, the learning materials cover the required subject areas.",Course Content,Neutral,2026-01-16
456,"Generally, the topics are well organised and useful for my studies.",Course Content,Positive,2026-04-08
457,the course materials provide a good understanding of the subject.,Course Content,Positive,2026-03-10
458,"Generally, the library provides useful books and learning resources.",Library Facilities,Positive,2026-07-12
459,There is too much theory and not enough practical content.,Course Content,Negative,2026-09-07
460,"In my experience, the lecturer gives assignments and discusses them in class.",Teacher Feedback,Neutral,2026-01-10
461,"In my experience, the topics are well organised and useful for my studies.",Course Content,Positive,2026-03-11
462,The questions tested the important concepts covered in class. This could improve the learning experience.,Examination Pattern,Positive,2026-08-09
463,"In my experience, the library provides useful books and learning resources.",Library Facilities,Positive,2026-04-04
464,the library has a comfortable space for students to read.,Library Facilities,Positive,2026-02-02
465,"In my experience, many useful books are unavailable in the library.",Library Facilities,Negative,2026-09-19
466,the available equipment supports the practical requirements of the course.,Laboratory,Positive,2026-02-02
467,"Overall, the teaching activities are conducted according to the timetable.",Teacher Feedback,Neutral,2026-06-19
468,The laboratory facilities are adequate for most activities.,Laboratory,Positive,2026-07-12
469,"In my experience, the examination pattern was appropriate for the course.",Examination Pattern,Positive,2026-05-12
470,The library provides a space for individual study.,Library Facilities,Neutral,2026-04-17
471,The exam was fair and reflected the course content. This affects students' learning.,Examination Pattern,Positive,2026-09-05
472,Students can use the reading area for academic activities.,Library Facilities,Neutral,2026-07-11
473,"For this semester, the available resources support my academic work.",Library Facilities,Positive,2026-07-30
474,"For this semester, the teacher is approachable and responds well to students' questions. Overall, this is my observation.",Teacher Feedback,Positive,2026-07-22
475,"The examination instructions were clear and easy to understand. Overall, this is my observation.",Examination Pattern,Positive,2026-04-19
476,The examination contained questions from different parts of the syllabus.,Examination Pattern,Neutral,2026-05-01
477,The examination instructions were clear and easy to understand.,Examination Pattern,Positive,2026-05-27
478,"For this semester, students are assigned laboratory tasks during the semester. This could improve the learning experience.",Laboratory,Neutral,2026-06-22
479,"In my experience, the topics covered are useful for developing my academic knowledge.",Course Content,Positive,2026-08-26
480,"Overall, the exam provided a reasonable opportunity to demonstrate understanding. Overall, this is my observation.",Examination Pattern,Positive,2026-08-03
481,The library provides useful books and learning resources.,Library Facilities,Positive,2026-09-19
482,The available resources support my academic work.,Library Facilities,Positive,2026-03-25
483,"For this semester, the course content is relevant and covers important concepts. This affects students' learning.",Course Content,Positive,2026-04-21
484,The library provides useful books and learning resources.,Library Facilities,Positive,2026-07-05
485,The course content is interesting and supports further learning. This has helped my learning.,Course Content,Positive,2026-09-22
486,"For this semester, the teacher communicates the course topics effectively.",Teacher Feedback,Positive,2026-06-22
487,"In my experience, the library resources are helpful when completing assignments.",Library Facilities,Positive,2026-04-30
488,"For this semester, the examination pattern was appropriate for the course.",Examination Pattern,Positive,2026-09-11
489,"In my experience, the internet connection is poor during practical sessions.",Laboratory,Negative,2026-02-05
490,"Overall, the teacher is approachable and responds well to students' questions.",Teacher Feedback,Positive,2026-02-17
491,The lecturer explains concepts clearly and gives useful examples.,Teacher Feedback,Positive,2026-01-26
492,The library resources are helpful when completing assignments.,Library Facilities,Positive,2026-05-25
493,"In my experience, the lecturer uses practical examples that make the lessons easy to understand.",Teacher Feedback,Positive,2026-04-02
494,"Overall, some topics are difficult because the course materials are incomplete.",Course Content,Negative,2026-02-16
495,The library provides a space for individual study.,Library Facilities,Neutral,2026-08-21
496,"Overall, the exam provided a reasonable opportunity to demonstrate understanding.",Examination Pattern,Positive,2026-03-20
497,The topics covered are useful for developing my academic knowledge.,Course Content,Positive,2026-02-22
498,"Overall, the computers work well during practical classes.",Laboratory,Positive,2026-06-12
499,"Generally, the lecturer covers the required topics during the semester.",Teacher Feedback,Neutral,2026-03-14
500,"For this semester, laboratory sessions are conducted according to the timetable.",Laboratory,Neutral,2026-02-19
501,"Generally, the teacher is approachable and responds well to students' questions.",Teacher Feedback,Positive,2026-09-03
502,The teacher uses lectures and class discussions to teach the course.,Teacher Feedback,Neutral,2026-04-15
503,"In my experience, the lecturer uses practical examples that make the lessons easy to understand. This affects students' learning.",Teacher Feedback,Positive,2026-06-22
504,The library resources are helpful when completing assignments.,Library Facilities,Positive,2026-04-13
505,the library is available to students during its operating hours. This could improve the learning experience.,Library Facilities,Neutral,2026-08-15
506,"Overall, the course follows the topics listed in the syllabus.",Course Content,Neutral,2026-04-05
507,The course materials provide a good understanding of the subject.,Course Content,Positive,2026-07-27
508,"In my experience, the examination instructions were unclear.",Examination Pattern,Negative,2026-09-08
509,The examination was conducted according to the scheduled date.,Examination Pattern,Neutral,2026-03-30
510,The internet connection is poor during practical sessions.,Laboratory,Negative,2026-07-31
511,The exam contained questions from topics that were barely discussed.,Examination Pattern,Negative,2026-08-06
512,"Overall, the lecturer gives helpful explanations when students have difficulties. This could improve the learning experience.",Teacher Feedback,Positive,2026-09-17
513,"In my experience, the course content is interesting and supports further learning.",Course Content,Positive,2026-05-24
514,The teacher communicates the course topics effectively.,Teacher Feedback,Positive,2026-07-16
515,The examination instructions were clear and easy to understand.,Examination Pattern,Positive,2026-07-12
516,"In my experience, the course content is interesting and supports further learning.",Course Content,Positive,2026-04-18
517,the teacher is approachable and responds well to students' questions. This affects students' learning.,Teacher Feedback,Positive,2026-05-11
518,the practical sessions help students understand the course better.,Laboratory,Positive,2026-06-18
519,"Overall, the practical sessions help students understand the course better.",Laboratory,Positive,2026-06-17
520,the course content is interesting and supports further learning.,Course Content,Positive,2026-10-04
521,"The teaching method is clear, organised and easy to follow.",Teacher Feedback,Positive,2026-07-26
522,Laboratory sessions are conducted according to the timetable.,Laboratory,Neutral,2026-03-05
523,The teacher is approachable and responds well to students' questions.,Teacher Feedback,Positive,2026-08-16
524,The library environment is quiet and suitable for studying.,Library Facilities,Positive,2026-07-09
525,"Generally, the syllabus contains topics that are not explained sufficiently.",Course Content,Negative,2026-04-01
526,"The teaching method is clear, organised and easy to follow.",Teacher Feedback,Positive,2026-05-23
527,The practical sessions help students understand the course better.,Laboratory,Positive,2026-06-30
528,"In my experience, the examination instructions were unclear.",Examination Pattern,Negative,2026-05-24
529,"Generally, the library environment is quiet and suitable for studying.",Library Facilities,Positive,2026-09-19
530,The library is available to students during its operating hours.,Library Facilities,Neutral,2026-06-21
531,the computers work well during practical classes. This affects students' learning.,Laboratory,Positive,2026-06-04
532,"Generally, the lecturer gives helpful explanations when students have difficulties.",Teacher Feedback,Positive,2026-08-27
533,"Generally, the available equipment supports the practical requirements of the course. This could improve the learning experience.",Laboratory,Positive,2026-04-23
534,The examination was conducted according to the scheduled date.,Examination Pattern,Neutral,2026-04-08
535,"Generally, students use the library to read and access academic materials.",Library Facilities,Neutral,2026-02-23
536,The lecturer gives helpful explanations when students have difficulties.,Teacher Feedback,Positive,2026-02-15
537,The course content is outdated and needs improvement.,Course Content,Negative,2026-02-27
538,"In my experience, the syllabus contains practical and relevant topics. Overall, this is my observation.",Course Content,Positive,2026-09-17
539,"For this semester, the teaching method is clear, organised and easy to follow.",Teacher Feedback,Positive,2026-04-12
540,The practical sessions help students understand the course better.,Laboratory,Positive,2026-09-04
541,The laboratory facilities are adequate for most activities.,Laboratory,Positive,2026-05-10
542,The lecturer covers the required topics during the semester.,Teacher Feedback,Neutral,2026-07-18
543,"the syllabus contains practical and relevant topics. Overall, this is my observation.",Course Content,Positive,2026-10-02
544,The lecturer gives helpful explanations when students have difficulties.,Teacher Feedback,Positive,2026-08-01
545,the lecturer gives helpful explanations when students have difficulties.,Teacher Feedback,Positive,2026-06-11
546,"For this semester, the course content is relevant and covers important concepts.",Course Content,Positive,2026-04-15
547,The course contains theoretical and practical topics. This could improve the learning experience.,Course Content,Neutral,2026-07-17
548,"Generally, the teaching method is clear, organised and easy to follow.",Teacher Feedback,Positive,2026-05-12
549,"Overall, the computers work well during practical classes.",Laboratory,Positive,2026-04-11
550,"For this semester, the teacher uses lectures and class discussions to teach the course. This has helped my learning.",Teacher Feedback,Neutral,2026-03-07
551,The library provides access to useful academic materials.,Library Facilities,Positive,2026-06-11
552,the course content is interesting and supports further learning.,Course Content,Positive,2026-10-04
553,The practical sessions help students understand the course better. This has helped my learning.,Laboratory,Positive,2026-02-04
554,"Generally, the syllabus contains topics that are not explained sufficiently.",Course Content,Negative,2026-02-17
555,"For this semester, the library resources are helpful when completing assignments.",Library Facilities,Positive,2026-09-04
556,there is too much theory and not enough practical content.,Course Content,Negative,2026-01-30
557,"Generally, the teaching activities are conducted according to the timetable.",Teacher Feedback,Neutral,2026-09-18
558,"Overall, the laboratory environment makes practical classes difficult. This affects students' learning.",Laboratory,Negative,2026-09-06
559,"In my experience, the lecturer covers the main topics included in the course outline. This could improve the learning experience.",Course Content,Neutral,2026-03-08
560,The lecturer provides explanations and examples during classes.,Teacher Feedback,Neutral,2026-05-16
561,The library provides useful books and learning resources. This has helped my learning.,Library Facilities,Positive,2026-02-04
562,the exam included both theoretical and practical questions. This affects students' learning.,Examination Pattern,Neutral,2026-07-19
563,The lecturer covers the main topics included in the course outline.,Course Content,Neutral,2026-02-17
564,"Generally, the exam provided a reasonable opportunity to demonstrate understanding. This affects students' learning.",Examination Pattern,Positive,2026-05-22
565,The exam provided a reasonable opportunity to demonstrate understanding. This could improve the learning experience.,Examination Pattern,Positive,2026-03-02
566,The exam provided a reasonable opportunity to demonstrate understanding.,Examination Pattern,Positive,2026-08-09
567,"For this semester, the course content is relevant and covers important concepts. Overall, this is my observation.",Course Content,Positive,2026-08-03
568,The topics covered are useful for developing my academic knowledge.,Course Content,Positive,2026-05-06
569,The syllabus contains practical and relevant topics.,Course Content,Positive,2026-05-22
570,"For this semester, the teaching activities are conducted according to the timetable.",Teacher Feedback,Neutral,2026-01-15
571,the exam provided a reasonable opportunity to demonstrate understanding. This affects students' learning.,Examination Pattern,Positive,2026-06-25
572,The syllabus contains practical and relevant topics.,Course Content,Positive,2026-01-18
573,"In my experience, the course content is presented according to the approved outline. This has helped my learning.",Course Content,Neutral,2026-01-17
574,The course content is interesting and supports further learning.,Course Content,Positive,2026-08-21
575,The laboratory facilities are adequate for most activities. This could improve the learning experience.,Laboratory,Positive,2026-04-11
576,The questions tested the important concepts covered in class.,Examination Pattern,Positive,2026-09-24
577,"The examination contained questions from different parts of the syllabus. Overall, this is my observation.",Examination Pattern,Neutral,2026-02-03
578,students use the library to read and access academic materials.,Library Facilities,Neutral,2026-01-16
579,Students can use the reading area for academic activities. This has helped my learning.,Library Facilities,Neutral,2026-09-26
580,"Generally, the lecturer provides explanations and examples during classes.",Teacher Feedback,Neutral,2026-07-30
581,the library needs better internet access for academic research. This has helped my learning.,Library Facilities,Negative,2026-05-24
582,The course materials provide a good understanding of the subject.,Course Content,Positive,2026-08-09
583,The syllabus contains practical and relevant topics.,Course Content,Positive,2026-05-07
584,The course materials provide a good understanding of the subject.,Course Content,Positive,2026-06-12
585,The lecturer moves through lessons too quickly. This affects students' learning.,Teacher Feedback,Negative,2026-09-18
586,There are not enough seats for students during busy periods.,Library Facilities,Negative,2026-01-22
587,The library provides access to useful academic materials.,Library Facilities,Positive,2026-02-28
588,"For this semester, the library provides access to useful academic materials. This affects students' learning.",Library Facilities,Positive,2026-05-25
589,The teacher communicates the course topics effectively.,Teacher Feedback,Positive,2026-08-06
590,"For this semester, the examination instructions were clear and easy to understand.",Examination Pattern,Positive,2026-01-13
591,"Generally, the library provides access to useful academic materials.",Library Facilities,Positive,2026-03-11
592,"For this semester, the library has a comfortable space for students to read. This could improve the learning experience.",Library Facilities,Positive,2026-04-16
593,The teacher communicates the course topics effectively.,Teacher Feedback,Positive,2026-08-24
594,The syllabus contains practical and relevant topics.,Course Content,Positive,2026-09-10
595,The practical sessions help students understand the course better.,Laboratory,Positive,2026-09-21
596,The topics covered are useful for developing my academic knowledge. This could improve the learning experience.,Course Content,Positive,2026-05-29
597,"For this semester, the questions covered several topics from the course.",Examination Pattern,Neutral,2026-03-13
598,"In my experience, the teacher communicates the course topics effectively.",Teacher Feedback,Positive,2026-07-19
599,"For this semester, the exam provided a reasonable opportunity to demonstrate understanding. Overall, this is my observation.",Examination Pattern,Positive,2026-09-18
600,"For this semester, the library provides a space for individual study. Overall, this is my observation.",Library Facilities,Neutral,2026-04-17
601,"Overall, the course content is relevant and covers important concepts.",Course Content,Positive,2026-09-04
602,"The lecturer provides explanations and examples during classes. Overall, this is my observation.",Teacher Feedback,Neutral,2026-03-11
603,"Overall, the course contains theoretical and practical topics.",Course Content,Neutral,2026-05-30
604,The lecturer gives helpful explanations when students have difficulties.,Teacher Feedback,Positive,2026-01-13
605,The teacher rarely responds to students' questions.,Teacher Feedback,Negative,2026-04-15
606,"In my experience, the lecturer gives helpful explanations when students have difficulties. This affects students' learning.",Teacher Feedback,Positive,2026-02-14
607,"For this semester, the reading area can be too crowded for effective study.",Library Facilities,Negative,2026-07-31
608,"For this semester, some examination questions were confusing. This affects students' learning.",Examination Pattern,Negative,2026-06-28
609,there are not enough seats for students during busy periods.,Library Facilities,Negative,2026-04-18
610,The library does not have enough current textbooks.,Library Facilities,Negative,2026-09-12
611,The library provides useful books and learning resources.,Library Facilities,Positive,2026-08-30
612,"Generally, the syllabus contains practical and relevant topics.",Course Content,Positive,2026-08-03
613,"In my experience, the examination pattern was appropriate for the course. This has helped my learning.",Examination Pattern,Positive,2026-04-29
614,The exam included both theoretical and practical questions.,Examination Pattern,Neutral,2026-07-08
615,The practical sessions help students understand the course better.,Laboratory,Positive,2026-07-15
616,"For this semester, the laboratory provides a good environment for hands-on learning. This affects students' learning.",Laboratory,Positive,2026-09-17
617,The examination questions were relevant to the topics taught.,Examination Pattern,Positive,2026-08-19
618,The lecturer explains concepts clearly and gives useful examples.,Teacher Feedback,Positive,2026-01-20
619,"In my experience, the examination instructions were unclear.",Examination Pattern,Negative,2026-05-24
620,The lecturer covers the main topics included in the course outline.,Course Content,Neutral,2026-02-28
621,"In my experience, the practical sessions help students understand the course better.",Laboratory,Positive,2026-08-30
622,The laboratory does not have enough equipment for all students.,Laboratory,Negative,2026-03-29
623,The laboratory provides a good environment for hands-on learning.,Laboratory,Positive,2026-06-05
624,The course content is relevant and covers important concepts. This has helped my learning.,Course Content,Positive,2026-05-11
625,"Generally, the teacher communicates the course topics effectively.",Teacher Feedback,Positive,2026-01-31
626,"Generally, the course content is relevant and covers important concepts. This affects students' learning.",Course Content,Positive,2026-06-04
627,The lecturer provides explanations and examples during classes.,Teacher Feedback,Neutral,2026-08-02
628,The examination pattern was appropriate for the course.,Examination Pattern,Positive,2026-06-11
629,"In my experience, the topics covered are useful for developing my academic knowledge.",Course Content,Positive,2026-01-20
630,The library resources are helpful when completing assignments. This has helped my learning.,Library Facilities,Positive,2026-09-24
631,The exam provided a reasonable opportunity to demonstrate understanding.,Examination Pattern,Positive,2026-06-15
632,some topics are difficult because the course materials are incomplete.,Course Content,Negative,2026-03-02
633,The semester covers the major topics in the syllabus.,Course Content,Neutral,2026-06-21
634,the examination instructions were clear and easy to understand.,Examination Pattern,Positive,2026-05-24
635,"Overall, the exam was fair and reflected the course content.",Examination Pattern,Positive,2026-08-21
636,"In my experience, the library provides useful books and learning resources.",Library Facilities,Positive,2026-04-04
637,the topics covered are useful for developing my academic knowledge.,Course Content,Positive,2026-08-16
638,"For this semester, the examination instructions were clear and easy to understand. This affects students' learning.",Examination Pattern,Positive,2026-07-15
639,"Generally, the practical sessions include demonstrations and exercises. Overall, this is my observation.",Laboratory,Neutral,2026-01-28
640,The lecturer does not explain difficult topics clearly.,Teacher Feedback,Negative,2026-09-02
641,"Overall, the lecturer does not explain difficult topics clearly. This could improve the learning experience.",Teacher Feedback,Negative,2026-02-25
642,the library provides books for different academic subjects.,Library Facilities,Neutral,2026-06-19
643,the library resources are helpful when completing assignments.,Library Facilities,Positive,2026-08-25
644,The course content is relevant and covers important concepts.,Course Content,Positive,2026-04-05
645,"the teaching method is clear, organised and easy to follow. This has helped my learning.",Teacher Feedback,Positive,2026-02-17
646,"For this semester, the exam included both theoretical and practical questions.",Examination Pattern,Neutral,2026-09-09
647,The teacher uses lectures and class discussions to teach the course.,Teacher Feedback,Neutral,2026-05-20
648,"Generally, the course content is interesting and supports further learning.",Course Content,Positive,2026-07-23
649,"For this semester, many useful books are unavailable in the library. This has helped my learning.",Library Facilities,Negative,2026-05-06
650,"Generally, the examination instructions were clear and easy to understand.",Examination Pattern,Positive,2026-03-23
651,The exam included both theoretical and practical questions.,Examination Pattern,Neutral,2026-03-23
652,The library provides books for different academic subjects.,Library Facilities,Neutral,2026-05-07
653,The library does not have enough current textbooks.,Library Facilities,Negative,2026-03-05
654,The laboratory provides a good environment for hands-on learning.,Laboratory,Positive,2026-02-23
655,"Overall, the examination contained questions from different parts of the syllabus.",Examination Pattern,Neutral,2026-08-09
656,the exam contained questions from topics that were barely discussed.,Examination Pattern,Negative,2026-09-14
657,The available resources support my academic work.,Library Facilities,Positive,2026-01-26
658,"Students often have to share computers during laboratory work. Overall, this is my observation.",Laboratory,Negative,2026-04-16
659,"Overall, the practical sessions help students understand the course better.",Laboratory,Positive,2026-04-23
660,The teaching activities are conducted according to the timetable.,Teacher Feedback,Neutral,2026-09-24
661,"Overall, the examination instructions were unclear.",Examination Pattern,Negative,2026-03-16
662,The lecturer explains concepts clearly and gives useful examples. This has helped my learning.,Teacher Feedback,Positive,2026-08-14
663,"In my experience, the exam was fair and reflected the course content.",Examination Pattern,Positive,2026-03-15
664,The available resources support my academic work. This has helped my learning.,Library Facilities,Positive,2026-01-21
665,"Overall, the lecturer moves through lessons too quickly.",Teacher Feedback,Negative,2026-03-30
666,"Overall, the lecturer covers the main topics included in the course outline.",Course Content,Neutral,2026-07-31
667,"Generally, the syllabus contains practical and relevant topics.",Course Content,Positive,2026-02-23
668,The course content is relevant and covers important concepts. This could improve the learning experience.,Course Content,Positive,2026-01-10
669,students often have to share computers during laboratory work. This could improve the learning experience.,Laboratory,Negative,2026-09-09
670,the library provides useful books and learning resources.,Library Facilities,Positive,2026-06-24
671,Students often have to share computers during laboratory work.,Laboratory,Negative,2026-02-12
672,The exam was fair and reflected the course content. This could improve the learning experience.,Examination Pattern,Positive,2026-01-16
673,"Generally, students are assigned laboratory tasks during the semester.",Laboratory,Neutral,2026-03-21
674,The teacher communicates the course topics effectively. This has helped my learning.,Teacher Feedback,Positive,2026-08-05
675,"Generally, the course contains theoretical and practical topics.",Course Content,Neutral,2026-03-17
676,Many useful books are unavailable in the library.,Library Facilities,Negative,2026-04-16
677,The library needs better internet access for academic research.,Library Facilities,Negative,2026-02-13
678,"Overall, the exam provided a reasonable opportunity to demonstrate understanding.",Examination Pattern,Positive,2026-08-07
679,"Generally, the course materials provide a good understanding of the subject.",Course Content,Positive,2026-07-31
680,The library has a comfortable space for students to read.,Library Facilities,Positive,2026-01-16
681,The library provides useful books and learning resources.,Library Facilities,Positive,2026-04-07
682,The library resources are helpful when completing assignments.,Library Facilities,Positive,2026-08-30
683,The lecturer explains concepts clearly and gives useful examples.,Teacher Feedback,Positive,2026-10-06
684,The laboratory does not have enough equipment for all students.,Laboratory,Negative,2026-09-21
685,"For this semester, the library has a comfortable space for students to read.",Library Facilities,Positive,2026-05-16
686,"Generally, the laboratory facilities are adequate for most activities.",Laboratory,Positive,2026-09-15
687,"Generally, the lecturer explains concepts clearly and gives useful examples.",Teacher Feedback,Positive,2026-06-01
688,The laboratory has useful equipment for practical sessions. This could improve the learning experience.,Laboratory,Positive,2026-02-17
689,Students use the available computers during practical classes. This affects students' learning.,Laboratory,Neutral,2026-02-22
690,"In my experience, the semester covers the major topics in the syllabus.",Course Content,Neutral,2026-06-05
691,the examination pattern was appropriate for the course.,Examination Pattern,Positive,2026-02-18
692,"For this semester, the laboratory has useful equipment for practical sessions.",Laboratory,Positive,2026-06-01
693,The examination was conducted according to the scheduled date. This could improve the learning experience.,Examination Pattern,Neutral,2026-06-15
694,The course materials provide a good understanding of the subject. This affects students' learning.,Course Content,Positive,2026-09-18
695,There are not enough seats for students during busy periods. This affects students' learning.,Library Facilities,Negative,2026-07-11
696,The practical sessions help students understand the course better. This affects students' learning.,Laboratory,Positive,2026-06-06
697,"Generally, the laboratory provides a good environment for hands-on learning.",Laboratory,Positive,2026-08-28
698,"In my experience, the exam contained questions from topics that were barely discussed. This has helped my learning.",Examination Pattern,Negative,2026-05-02
699,Some important topics are not covered in the course.,Course Content,Negative,2026-01-18
700,The laboratory is used for practical activities related to the course.,Laboratory,Neutral,2026-03-05
701,"Generally, the library environment is quiet and suitable for studying.",Library Facilities,Positive,2026-08-14
702,"For this semester, the lecturer is often unavailable when students need clarification.",Teacher Feedback,Negative,2026-02-27
703,"In my experience, the examination instructions were clear and easy to understand.",Examination Pattern,Positive,2026-08-01
704,The teacher communicates the course topics effectively.,Teacher Feedback,Positive,2026-03-01
705,"Generally, the practical sessions help students understand the course better.",Laboratory,Positive,2026-09-07
706,Students are assigned laboratory tasks during the semester.,Laboratory,Neutral,2026-10-07
707,"Generally, the laboratory has useful equipment for practical sessions.",Laboratory,Positive,2026-02-18
708,"For this semester, the computers work well during practical classes.",Laboratory,Positive,2026-01-12
709,The library provides access to useful academic materials. This could improve the learning experience.,Library Facilities,Positive,2026-10-03
710,"Generally, the course materials provide a good understanding of the subject.",Course Content,Positive,2026-03-28
711,The exam provided a reasonable opportunity to demonstrate understanding.,Examination Pattern,Positive,2026-05-03
712,"Overall, the examination questions were relevant to the topics taught.",Examination Pattern,Positive,2026-02-15
713,The library environment is quiet and suitable for studying. This has helped my learning.,Library Facilities,Positive,2026-05-17
714,"Generally, the library provides useful books and learning resources.",Library Facilities,Positive,2026-08-27
715,"For this semester, the syllabus contains practical and relevant topics.",Course Content,Positive,2026-04-20
716,the computers work well during practical classes. This affects students' learning.,Laboratory,Positive,2026-08-23
717,The teacher uses lectures and class discussions to teach the course.,Teacher Feedback,Neutral,2026-02-01
718,The course content is interesting and supports further learning. This has helped my learning.,Course Content,Positive,2026-10-01
719,"Overall, the course content is relevant and covers important concepts.",Course Content,Positive,2026-04-03
720,The syllabus contains practical and relevant topics. This affects students' learning.,Course Content,Positive,2026-01-29
721,The examination pattern was appropriate for the course.,Examination Pattern,Positive,2026-08-05
722,The laboratory has useful equipment for practical sessions.,Laboratory,Positive,2026-04-11
723,The course content is interesting and supports further learning. This could improve the learning experience.,Course Content,Positive,2026-09-11
724,The practical sessions include demonstrations and exercises.,Laboratory,Neutral,2026-07-03
725,the library environment is quiet and suitable for studying.,Library Facilities,Positive,2026-06-02
726,"Overall, the course content is interesting and supports further learning.",Course Content,Positive,2026-07-30
727,"The laboratory facilities are adequate for most activities. Overall, this is my observation.",Laboratory,Positive,2026-03-23
728,"Overall, the available equipment supports the practical requirements of the course.",Laboratory,Positive,2026-02-22
729,"Generally, the library provides access to useful academic materials. This has helped my learning.",Library Facilities,Positive,2026-05-23
730,"Generally, the questions tested the important concepts covered in class. This has helped my learning.",Examination Pattern,Positive,2026-05-20
731,The course content is presented according to the approved outline. This has helped my learning.,Course Content,Neutral,2026-08-12
732,The exam followed the general format used for the course.,Examination Pattern,Neutral,2026-01-21
733,The library provides access to useful academic materials.,Library Facilities,Positive,2026-02-01
734,The available equipment supports the practical requirements of the course. This could improve the learning experience.,Laboratory,Positive,2026-07-14
735,"For this semester, the library resources are helpful when completing assignments. Overall, this is my observation.",Library Facilities,Positive,2026-10-07
736,the exam followed the general format used for the course.,Examination Pattern,Neutral,2026-05-13
737,"Generally, students use the available computers during practical classes.",Laboratory,Neutral,2026-05-08
738,the exam was fair and reflected the course content.,Examination Pattern,Positive,2026-09-24
739,The internet connection is poor during practical sessions.,Laboratory,Negative,2026-05-11
740,The topics covered are useful for developing my academic knowledge. This affects students' learning.,Course Content,Positive,2026-04-22
741,"Generally, the examination consisted of the required number of questions. Overall, this is my observation.",Examination Pattern,Neutral,2026-02-17
742,"For this semester, the laboratory provides a good environment for hands-on learning. Overall, this is my observation.",Laboratory,Positive,2026-09-28
743,"For this semester, the practical sessions help students understand the course better.",Laboratory,Positive,2026-08-15
744,"In my experience, the library resources are helpful when completing assignments. This could improve the learning experience.",Library Facilities,Positive,2026-01-31
745,"For this semester, the exam included both theoretical and practical questions. This affects students' learning.",Examination Pattern,Neutral,2026-03-03
746,the syllabus contains practical and relevant topics.,Course Content,Positive,2026-06-01
747,"Generally, the lecturer covers the required topics during the semester. This could improve the learning experience.",Teacher Feedback,Neutral,2026-03-02
748,"Generally, the library provides access to useful academic materials.",Library Facilities,Positive,2026-08-07
749,The teacher does not provide enough examples during lectures.,Teacher Feedback,Negative,2026-09-24
750,The library environment is quiet and suitable for studying.,Library Facilities,Positive,2026-08-14
751,"Generally, the course contains theoretical and practical topics. This has helped my learning.",Course Content,Neutral,2026-08-07
752,The library is available to students during its operating hours.,Library Facilities,Neutral,2026-09-15
753,"For this semester, the library provides access to useful academic materials.",Library Facilities,Positive,2026-01-25
754,The teacher is approachable and responds well to students' questions.,Teacher Feedback,Positive,2026-07-01
755,The examination instructions were clear and easy to understand.,Examination Pattern,Positive,2026-08-01
756,"In my experience, the lecturer explains concepts clearly and gives useful examples.",Teacher Feedback,Positive,2026-01-26
757,"In my experience, the examination instructions were clear and easy to understand. Overall, this is my observation.",Examination Pattern,Positive,2026-07-20
758,"the lecturer is often unavailable when students need clarification. Overall, this is my observation.",Teacher Feedback,Negative,2026-05-22
759,"For this semester, the topics covered are useful for developing my academic knowledge.",Course Content,Positive,2026-08-03
760,The library provides useful books and learning resources.,Library Facilities,Positive,2026-02-12
761,"For this semester, the questions tested the important concepts covered in class.",Examination Pattern,Positive,2026-01-30
762,"Overall, the exam was fair and reflected the course content.",Examination Pattern,Positive,2026-04-11
763,the semester covers the major topics in the syllabus.,Course Content,Neutral,2026-07-22
764,"In my experience, the reading area can be too crowded for effective study.",Library Facilities,Negative,2026-09-12
765,The course materials provide a good understanding of the subject.,Course Content,Positive,2026-05-12
766,"In my experience, the library contains textbooks and other learning materials.",Library Facilities,Neutral,2026-05-05
767,"For this semester, the exam was fair and reflected the course content.",Examination Pattern,Positive,2026-08-27
768,"In my experience, the reading area can be too crowded for effective study.",Library Facilities,Negative,2026-09-15
769,The library contains textbooks and other learning materials. This could improve the learning experience.,Library Facilities,Neutral,2026-04-23
770,the course materials provide a good understanding of the subject.,Course Content,Positive,2026-05-16
771,"For this semester, the examination consisted of the required number of questions.",Examination Pattern,Neutral,2026-06-23
772,"Overall, the available equipment supports the practical requirements of the course.",Laboratory,Positive,2026-09-05
773,"Generally, there is too much theory and not enough practical content.",Course Content,Negative,2026-02-28
774,The lecturer gives assignments and discusses them in class.,Teacher Feedback,Neutral,2026-03-05
775,"Generally, the questions tested the important concepts covered in class.",Examination Pattern,Positive,2026-04-14
776,The course content is relevant and covers important concepts.,Course Content,Positive,2026-06-16
777,The library environment is quiet and suitable for studying.,Library Facilities,Positive,2026-09-17
778,the laboratory environment makes practical classes difficult.,Laboratory,Negative,2026-02-06
779,"Overall, the examination questions were relevant to the topics taught. This affects students' learning.",Examination Pattern,Positive,2026-05-26
780,"For this semester, the lecturer gives helpful explanations when students have difficulties.",Teacher Feedback,Positive,2026-04-14
781,"Generally, students use the available computers during practical classes. This has helped my learning.",Laboratory,Neutral,2026-07-24
782,The library contains textbooks and other learning materials.,Library Facilities,Neutral,2026-06-28
783,The laboratory facilities are adequate for most activities. This has helped my learning.,Laboratory,Positive,2026-04-24
784,"Overall, the exam pattern did not reflect what was taught in class.",Examination Pattern,Negative,2026-03-07
785,"the laboratory provides a good environment for hands-on learning. Overall, this is my observation.",Laboratory,Positive,2026-05-02
786,"Overall, the laboratory is used for practical activities related to the course.",Laboratory,Neutral,2026-10-03
787,The syllabus contains practical and relevant topics.,Course Content,Positive,2026-01-10
788,"Overall, the computers work well during practical classes.",Laboratory,Positive,2026-01-29
789,The laboratory provides a good environment for hands-on learning.,Laboratory,Positive,2026-07-02
790,The lecturer moves through lessons too quickly.,Teacher Feedback,Negative,2026-09-26
791,"In my experience, the course content is interesting and supports further learning.",Course Content,Positive,2026-09-15
792,"In my experience, the laboratory facilities are adequate for most activities.",Laboratory,Positive,2026-07-11
793,The computers work well during practical classes.,Laboratory,Positive,2026-04-26
794,the library provides useful books and learning resources.,Library Facilities,Positive,2026-06-09
795,The lecturer explains concepts clearly and gives useful examples.,Teacher Feedback,Positive,2026-07-14
796,The laboratory environment makes practical classes difficult.,Laboratory,Negative,2026-10-05
797,"Overall, the laboratory provides a good environment for hands-on learning.",Laboratory,Positive,2026-03-06
798,"For this semester, the course materials provide a good understanding of the subject. Overall, this is my observation.",Course Content,Positive,2026-05-17
799,"Generally, students use the available computers during practical classes. This affects students' learning.",Laboratory,Neutral,2026-03-23
800,"For this semester, the teacher communicates the course topics effectively.",Teacher Feedback,Positive,2026-07-28
801,The semester covers the major topics in the syllabus.,Course Content,Neutral,2026-03-31
802,The examination time was not enough for the number of questions.,Examination Pattern,Negative,2026-01-30
803,The available resources support my academic work.,Library Facilities,Positive,2026-10-04
804,"For this semester, the teaching method makes some topics difficult to understand.",Teacher Feedback,Negative,2026-05-14
805,The exam contained questions from topics that were barely discussed.,Examination Pattern,Negative,2026-04-30
806,The topics are well organised and useful for my studies.,Course Content,Positive,2026-07-08
807,The lecturer explains concepts clearly and gives useful examples.,Teacher Feedback,Positive,2026-05-24
808,"Overall, the library has a comfortable space for students to read. This affects students' learning.",Library Facilities,Positive,2026-04-08
809,The questions tested the important concepts covered in class.,Examination Pattern,Positive,2026-03-17
810,"In my experience, the library provides useful books and learning resources. This has helped my learning.",Library Facilities,Positive,2026-09-01
811,The exam was fair and reflected the course content.,Examination Pattern,Positive,2026-02-06
812,The laboratory does not have enough equipment for all students.,Laboratory,Negative,2026-08-05
813,The topics are well organised and useful for my studies.,Course Content,Positive,2026-06-26
814,The examination contained questions from different parts of the syllabus.,Examination Pattern,Neutral,2026-03-16
815,The reading area can be too crowded for effective study.,Library Facilities,Negative,2026-02-12
816,The questions tested the important concepts covered in class. This could improve the learning experience.,Examination Pattern,Positive,2026-08-23
817,"For this semester, the lecturer is often unavailable when students need clarification.",Teacher Feedback,Negative,2026-03-23
818,"In my experience, the examination instructions were unclear. This affects students' learning.",Examination Pattern,Negative,2026-05-19
819,"In my experience, some important topics are not covered in the course.",Course Content,Negative,2026-07-28
820,"For this semester, students can use the reading area for academic activities. This could improve the learning experience.",Library Facilities,Neutral,2026-06-22
821,the course follows the topics listed in the syllabus.,Course Content,Neutral,2026-08-01
822,The examination consisted of the required number of questions. This affects students' learning.,Examination Pattern,Neutral,2026-03-09
823,"For this semester, the laboratory has useful equipment for practical sessions.",Laboratory,Positive,2026-03-01
824,The library resources are helpful when completing assignments.,Library Facilities,Positive,2026-03-09
825,"For this semester, the topics are well organised and useful for my studies.",Course Content,Positive,2026-02-22
826,"Generally, the course content is outdated and needs improvement.",Course Content,Negative,2026-04-12
827,"Generally, the laboratory facilities are adequate for most activities.",Laboratory,Positive,2026-01-10
828,"The laboratory provides a good environment for hands-on learning. Overall, this is my observation.",Laboratory,Positive,2026-07-08
829,the lecturer uses practical examples that make the lessons easy to understand.,Teacher Feedback,Positive,2026-06-29
830,"In my experience, the exam provided a reasonable opportunity to demonstrate understanding.",Examination Pattern,Positive,2026-05-18
831,"Generally, the teacher is approachable and responds well to students' questions.",Teacher Feedback,Positive,2026-02-22
832,"Overall, the course contains theoretical and practical topics.",Course Content,Neutral,2026-06-01
833,"In my experience, students use the library to read and access academic materials. Overall, this is my observation.",Library Facilities,Neutral,2026-07-30
834,The library is available to students during its operating hours.,Library Facilities,Neutral,2026-05-15
835,The topics covered are useful for developing my academic knowledge. This affects students' learning.,Course Content,Positive,2026-08-09
836,The reading area can be too crowded for effective study.,Library Facilities,Negative,2026-04-19
837,"Generally, the library provides useful books and learning resources.",Library Facilities,Positive,2026-02-19
838,The lecturer gives helpful explanations when students have difficulties.,Teacher Feedback,Positive,2026-03-05
839,The exam was fair and reflected the course content. This has helped my learning.,Examination Pattern,Positive,2026-03-04
840,"In my experience, the lecturer uses practical examples that make the lessons easy to understand. This affects students' learning.",Teacher Feedback,Positive,2026-04-27
841,"For this semester, the library provides a space for individual study.",Library Facilities,Neutral,2026-09-14
842,"Generally, the learning materials cover the required subject areas.",Course Content,Neutral,2026-08-21
843,There are not enough seats for students during busy periods.,Library Facilities,Negative,2026-07-17
844,The lecturer uses practical examples that make the lessons easy to understand.,Teacher Feedback,Positive,2026-02-08
845,"For this semester, the teaching method is clear, organised and easy to follow. This could improve the learning experience.",Teacher Feedback,Positive,2026-06-14
846,"In my experience, the exam was fair and reflected the course content. This could improve the learning experience.",Examination Pattern,Positive,2026-05-01
847,"In my experience, the library environment is quiet and suitable for studying.",Library Facilities,Positive,2026-04-07
848,"Generally, the course content is relevant and covers important concepts.",Course Content,Positive,2026-05-01
849,The lecturer uses practical examples that make the lessons easy to understand.,Teacher Feedback,Positive,2026-02-13
850,The library resources are helpful when completing assignments.,Library Facilities,Positive,2026-06-22
851,"For this semester, the library has a comfortable space for students to read. Overall, this is my observation.",Library Facilities,Positive,2026-09-13
852,"For this semester, the exam contained questions from topics that were barely discussed. Overall, this is my observation.",Examination Pattern,Negative,2026-08-13
853,"Overall, the laboratory provides a good environment for hands-on learning.",Laboratory,Positive,2026-04-05
854,the laboratory facilities are adequate for most activities. This could improve the learning experience.,Laboratory,Positive,2026-03-20
855,the library provides useful books and learning resources.,Library Facilities,Positive,2026-07-20
856,"For this semester, the available equipment supports the practical requirements of the course. This could improve the learning experience.",Laboratory,Positive,2026-09-16
857,the lecturer gives helpful explanations when students have difficulties.,Teacher Feedback,Positive,2026-03-27
858,"Generally, the questions tested the important concepts covered in class. Overall, this is my observation.",Examination Pattern,Positive,2026-10-05
859,Laboratory sessions are conducted according to the timetable.,Laboratory,Neutral,2026-08-30
860,"In my experience, the teacher is approachable and responds well to students' questions. Overall, this is my observation.",Teacher Feedback,Positive,2026-03-15
861,"In my experience, students use the available computers during practical classes.",Laboratory,Neutral,2026-05-04
862,"For this semester, some library resources are outdated. This affects students' learning.",Library Facilities,Negative,2026-05-13
863,"Overall, the practical sessions help students understand the course better.",Laboratory,Positive,2026-04-24
864,Students often have to share computers during laboratory work.,Laboratory,Negative,2026-08-29
865,The lecturer uses practical examples that make the lessons easy to understand. This has helped my learning.,Teacher Feedback,Positive,2026-03-20
866,"In my experience, the laboratory provides a good environment for hands-on learning.",Laboratory,Positive,2026-01-23
867,The questions tested the important concepts covered in class. This affects students' learning.,Examination Pattern,Positive,2026-03-06
868,Some laboratory equipment is outdated.,Laboratory,Negative,2026-01-28
869,the laboratory has useful equipment for practical sessions.,Laboratory,Positive,2026-09-23
870,the teacher uses lectures and class discussions to teach the course.,Teacher Feedback,Neutral,2026-02-24
871,"Generally, the library provides useful books and learning resources.",Library Facilities,Positive,2026-05-23
872,The library provides useful books and learning resources. This could improve the learning experience.,Library Facilities,Positive,2026-06-04
873,The examination was conducted according to the scheduled date. This could improve the learning experience.,Examination Pattern,Neutral,2026-07-14
874,"For this semester, the teaching method is clear, organised and easy to follow.",Teacher Feedback,Positive,2026-05-14
875,"For this semester, the course follows the topics listed in the syllabus.",Course Content,Neutral,2026-09-22
876,The lecturer uses practical examples that make the lessons easy to understand. This could improve the learning experience.,Teacher Feedback,Positive,2026-07-23
877,Students use the library to read and access academic materials.,Library Facilities,Neutral,2026-04-19
878,The lecturer uses practical examples that make the lessons easy to understand.,Teacher Feedback,Positive,2026-02-21
879,"Overall, the lecturer explains concepts clearly and gives useful examples.",Teacher Feedback,Positive,2026-05-20
880,The available resources support my academic work.,Library Facilities,Positive,2026-02-02
881,"In my experience, the laboratory facilities are adequate for most activities. This affects students' learning.",Laboratory,Positive,2026-01-17
882,The topics covered are useful for developing my academic knowledge.,Course Content,Positive,2026-06-19
883,The course content is interesting and supports further learning.,Course Content,Positive,2026-08-26
884,"Generally, students can use the reading area for academic activities.",Library Facilities,Neutral,2026-01-14
885,"For this semester, the practical sessions help students understand the course better.",Laboratory,Positive,2026-07-31
886,"Overall, the syllabus contains practical and relevant topics.",Course Content,Positive,2026-08-28
887,The examination pattern was appropriate for the course.,Examination Pattern,Positive,2026-03-22
888,the teacher communicates the course topics effectively. This affects students' learning.,Teacher Feedback,Positive,2026-05-20
889,the available resources support my academic work. This could improve the learning experience.,Library Facilities,Positive,2026-04-19
890,"the examination was conducted according to the scheduled date. Overall, this is my observation.",Examination Pattern,Neutral,2026-06-09
891,There are not enough seats for students during busy periods.,Library Facilities,Negative,2026-03-27
892,The exam provided a reasonable opportunity to demonstrate understanding.,Examination Pattern,Positive,2026-07-20
893,The available resources support my academic work. This could improve the learning experience.,Library Facilities,Positive,2026-01-21
894,"Overall, the teacher communicates the course topics effectively.",Teacher Feedback,Positive,2026-02-09
895,The examination instructions were clear and easy to understand.,Examination Pattern,Positive,2026-03-12
896,"Generally, the examination instructions were unclear.",Examination Pattern,Negative,2026-05-04
897,The course content is presented according to the approved outline. This has helped my learning.,Course Content,Neutral,2026-07-25
898,The course contains theoretical and practical topics.,Course Content,Neutral,2026-09-23
899,The exam provided a reasonable opportunity to demonstrate understanding.,Examination Pattern,Positive,2026-05-04
900,"Generally, the practical sessions help students understand the course better.",Laboratory,Positive,2026-10-04
901,"The teaching method is clear, organised and easy to follow.",Teacher Feedback,Positive,2026-05-31
902,"In my experience, the topics covered are useful for developing my academic knowledge.",Course Content,Positive,2026-08-14
903,Many computers in the laboratory are not working properly.,Laboratory,Negative,2026-05-04
904,"Generally, the teacher communicates the course topics effectively. This has helped my learning.",Teacher Feedback,Positive,2026-02-23
905,The examination pattern was appropriate for the course.,Examination Pattern,Positive,2026-07-09
906,The library has a comfortable space for students to read.,Library Facilities,Positive,2026-04-09
907,"Overall, the lecturer provides explanations and examples during classes.",Teacher Feedback,Neutral,2026-02-21
908,The library has a comfortable space for students to read. This affects students' learning.,Library Facilities,Positive,2026-06-30
909,"Generally, the library provides useful books and learning resources.",Library Facilities,Positive,2026-04-24
910,"In my experience, the learning materials cover the required subject areas.",Course Content,Neutral,2026-08-16
911,"For this semester, the available equipment supports the practical requirements of the course.",Laboratory,Positive,2026-05-30
912,The course materials provide a good understanding of the subject. This has helped my learning.,Course Content,Positive,2026-05-17
913,the lecturer moves through lessons too quickly.,Teacher Feedback,Negative,2026-04-20
914,"Overall, the library environment is quiet and suitable for studying.",Library Facilities,Positive,2026-03-15
915,The topics are well organised and useful for my studies.,Course Content,Positive,2026-01-24
916,The examination contained questions from different parts of the syllabus.,Examination Pattern,Neutral,2026-05-23
917,"In my experience, the exam provided a reasonable opportunity to demonstrate understanding.",Examination Pattern,Positive,2026-04-12
918,The lecturer uses practical examples that make the lessons easy to understand. This has helped my learning.,Teacher Feedback,Positive,2026-05-18
919,The examination instructions were clear and easy to understand.,Examination Pattern,Positive,2026-07-27
920,The available resources support my academic work.,Library Facilities,Positive,2026-07-13
921,The syllabus contains practical and relevant topics.,Course Content,Positive,2026-09-24
922,"Overall, the laboratory is used for practical activities related to the course.",Laboratory,Neutral,2026-01-23
923,Some library resources are outdated. This affects students' learning.,Library Facilities,Negative,2026-04-24
924,"For this semester, the library contains textbooks and other learning materials.",Library Facilities,Neutral,2026-02-10
925,the laboratory provides a good environment for hands-on learning.,Laboratory,Positive,2026-06-13
926,"Generally, the examination pattern was appropriate for the course. This has helped my learning.",Examination Pattern,Positive,2026-04-23
927,"For this semester, the course materials provide a good understanding of the subject.",Course Content,Positive,2026-09-07
928,Students can use the reading area for academic activities.,Library Facilities,Neutral,2026-01-24
929,The examination questions were relevant to the topics taught.,Examination Pattern,Positive,2026-06-07
930,the laboratory has useful equipment for practical sessions.,Laboratory,Positive,2026-08-05
931,"Overall, the library has a comfortable space for students to read.",Library Facilities,Positive,2026-05-09
932,The exam included both theoretical and practical questions.,Examination Pattern,Neutral,2026-04-28
933,The lecturer uses practical examples that make the lessons easy to understand. This affects students' learning.,Teacher Feedback,Positive,2026-08-18
934,"Overall, the lecturer uses practical examples that make the lessons easy to understand.",Teacher Feedback,Positive,2026-02-25
935,"In my experience, the library resources are helpful when completing assignments.",Library Facilities,Positive,2026-09-10
936,The questions tested the important concepts covered in class. This could improve the learning experience.,Examination Pattern,Positive,2026-02-04
937,The exam provided a reasonable opportunity to demonstrate understanding.,Examination Pattern,Positive,2026-03-09
938,The course follows the topics listed in the syllabus.,Course Content,Neutral,2026-02-01
939,The practical sessions help students understand the course better. This affects students' learning.,Laboratory,Positive,2026-01-16
940,The library environment is quiet and suitable for studying.,Library Facilities,Positive,2026-07-28
941,The teacher does not provide enough examples during lectures. This affects students' learning.,Teacher Feedback,Negative,2026-08-14
942,"Generally, the teacher is approachable and responds well to students' questions.",Teacher Feedback,Positive,2026-03-07
943,"The teaching method is clear, organised and easy to follow.",Teacher Feedback,Positive,2026-09-26
944,The course content is relevant and covers important concepts.,Course Content,Positive,2026-01-18
945,"In my experience, some important topics are not covered in the course. This affects students' learning.",Course Content,Negative,2026-08-22
946,The library provides books for different academic subjects. This has helped my learning.,Library Facilities,Neutral,2026-02-24
947,The exam included both theoretical and practical questions.,Examination Pattern,Neutral,2026-02-11
948,"Generally, the available equipment supports the practical requirements of the course.",Laboratory,Positive,2026-08-20
949,the lecturer does not explain difficult topics clearly.,Teacher Feedback,Negative,2026-05-03
950,the practical sessions help students understand the course better. This could improve the learning experience.,Laboratory,Positive,2026-04-04
951,"For this semester, the library provides useful books and learning resources.",Library Facilities,Positive,2026-09-06
952,"Generally, the laboratory has useful equipment for practical sessions.",Laboratory,Positive,2026-03-27
953,The library has a comfortable space for students to read.,Library Facilities,Positive,2026-10-04
954,The examination pattern was appropriate for the course. This could improve the learning experience.,Examination Pattern,Positive,2026-07-14
955,"Overall, the computers work well during practical classes.",Laboratory,Positive,2026-08-05
956,"In my experience, the laboratory does not have enough equipment for all students. This affects students' learning.",Laboratory,Negative,2026-04-09
957,The examination questions were relevant to the topics taught. This affects students' learning.,Examination Pattern,Positive,2026-09-10
958,The examination contained questions from different parts of the syllabus. This has helped my learning.,Examination Pattern,Neutral,2026-08-19
959,"Generally, the exam provided a reasonable opportunity to demonstrate understanding.",Examination Pattern,Positive,2026-02-18
960,The learning materials cover the required subject areas.,Course Content,Neutral,2026-07-07
961,"Overall, the available equipment supports the practical requirements of the course.",Laboratory,Positive,2026-07-29
962,The lecturer moves through lessons too quickly.,Teacher Feedback,Negative,2026-01-28
963,"In my experience, the available equipment supports the practical requirements of the course.",Laboratory,Positive,2026-03-25
964,The course content is interesting and supports further learning. This affects students' learning.,Course Content,Positive,2026-06-21
965,The questions tested the important concepts covered in class.,Examination Pattern,Positive,2026-05-23
966,"Generally, the laboratory provides a good environment for hands-on learning.",Laboratory,Positive,2026-01-26
967,The library has a comfortable space for students to read.,Library Facilities,Positive,2026-08-21
968,"The laboratory provides a good environment for hands-on learning. Overall, this is my observation.",Laboratory,Positive,2026-01-17
969,Students use the available computers during practical classes.,Laboratory,Neutral,2026-09-22
970,The exam was fair and reflected the course content.,Examination Pattern,Positive,2026-02-19
971,"For this semester, the examination questions were relevant to the topics taught.",Examination Pattern,Positive,2026-01-26
972,"Generally, the library has a comfortable space for students to read.",Library Facilities,Positive,2026-06-14
973,"For this semester, the examination consisted of the required number of questions. This could improve the learning experience.",Examination Pattern,Neutral,2026-01-16
974,The available equipment supports the practical requirements of the course. This could improve the learning experience.,Laboratory,Positive,2026-04-06
975,The computers work well during practical classes.,Laboratory,Positive,2026-02-25
976,The teacher rarely responds to students' questions.,Teacher Feedback,Negative,2026-01-26
977,Many computers in the laboratory are not working properly. This could improve the learning experience.,Laboratory,Negative,2026-02-13
978,"The library provides access to useful academic materials. Overall, this is my observation.",Library Facilities,Positive,2026-08-31
979,The course materials provide a good understanding of the subject.,Course Content,Positive,2026-02-16
980,The examination pattern was appropriate for the course.,Examination Pattern,Positive,2026-04-09
981,"Generally, some library resources are outdated.",Library Facilities,Negative,2026-03-13
982,The learning materials cover the required subject areas.,Course Content,Neutral,2026-06-07
983,The lecturer is often unavailable when students need clarification.,Teacher Feedback,Negative,2026-01-30
984,"Generally, the teacher is approachable and responds well to students' questions.",Teacher Feedback,Positive,2026-07-16
985,The available equipment supports the practical requirements of the course. This affects students' learning.,Laboratory,Positive,2026-09-24
986,Some topics are difficult because the course materials are incomplete. This could improve the learning experience.,Course Content,Negative,2026-09-04
987,The library provides useful books and learning resources.,Library Facilities,Positive,2026-01-19
988,"Overall, there is too much theory and not enough practical content.",Course Content,Negative,2026-02-16
989,"For this semester, the learning materials cover the required subject areas.",Course Content,Neutral,2026-10-05
990,"Overall, the exam provided a reasonable opportunity to demonstrate understanding.",Examination Pattern,Positive,2026-08-08
991,The examination pattern was appropriate for the course.,Examination Pattern,Positive,2026-02-01
992,"In my experience, the semester covers the major topics in the syllabus.",Course Content,Neutral,2026-08-05
993,The available resources support my academic work.,Library Facilities,Positive,2026-08-13
994,students can use the reading area for academic activities.,Library Facilities,Neutral,2026-04-22
995,The available equipment supports the practical requirements of the course.,Laboratory,Positive,2026-04-26
996,"the lecturer covers the main topics included in the course outline. Overall, this is my observation.",Course Content,Neutral,2026-01-16
997,"In my experience, the library contains textbooks and other learning materials.",Library Facilities,Neutral,2026-08-20
998,the laboratory has useful equipment for practical sessions.,Laboratory,Positive,2026-08-31
999,the lecturer covers the main topics included in the course outline.,Course Content,Neutral,2026-07-17
1000,the course content is interesting and supports further learning.,Course Content,Positive,2026-02-03
1001,Laboratory sessions are conducted according to the timetable.,Laboratory,Neutral,2026-09-28
1002,The examination pattern was appropriate for the course. This could improve the learning experience.,Examination Pattern,Positive,2026-03-18
1003,The library environment is quiet and suitable for studying. This has helped my learning.,Library Facilities,Positive,2026-10-04
1004,"Generally, the library environment is quiet and suitable for studying.",Library Facilities,Positive,2026-05-03
1005,The course content is relevant and covers important concepts.,Course Content,Positive,2026-07-18
1006,The lecturer explains concepts clearly and gives useful examples. This could improve the learning experience.,Teacher Feedback,Positive,2026-05-05
1007,"For this semester, laboratory sessions are conducted according to the timetable.",Laboratory,Neutral,2026-05-11
1008,The questions covered several topics from the course.,Examination Pattern,Neutral,2026-09-29
1009,The available resources support my academic work. This could improve the learning experience.,Library Facilities,Positive,2026-03-17
1010,The teacher communicates the course topics effectively.,Teacher Feedback,Positive,2026-08-27
1011,"Generally, the questions tested the important concepts covered in class. This has helped my learning.",Examination Pattern,Positive,2026-04-25
1012,The exam provided a reasonable opportunity to demonstrate understanding.,Examination Pattern,Positive,2026-01-30
1013,"Overall, the questions tested the important concepts covered in class. This could improve the learning experience.",Examination Pattern,Positive,2026-01-19
1014,"Generally, the teaching activities are conducted according to the timetable.",Teacher Feedback,Neutral,2026-02-20
1015,"For this semester, the topics are well organised and useful for my studies.",Course Content,Positive,2026-07-03
1016,The lecturer explains concepts clearly and gives useful examples.,Teacher Feedback,Positive,2026-05-30
1017,"In my experience, laboratory sessions are conducted according to the timetable.",Laboratory,Neutral,2026-05-31
1018,The questions covered several topics from the course.,Examination Pattern,Neutral,2026-06-07
1019,The lecturer provides explanations and examples during classes.,Teacher Feedback,Neutral,2026-03-15
1020,The library has a comfortable space for students to read. This affects students' learning.,Library Facilities,Positive,2026-07-21
1021,"the teaching method is clear, organised and easy to follow.",Teacher Feedback,Positive,2026-03-15
1022,The laboratory has useful equipment for practical sessions.,Laboratory,Positive,2026-09-19
1023,"Overall, the library has a comfortable space for students to read. Overall, this is my observation.",Library Facilities,Positive,2026-06-26
1024,"In my experience, the topics are well organised and useful for my studies. Overall, this is my observation.",Course Content,Positive,2026-04-09
1025,the examination was conducted according to the scheduled date.,Examination Pattern,Neutral,2026-03-26
1026,"In my experience, the laboratory provides a good environment for hands-on learning.",Laboratory,Positive,2026-02-19
1027,The questions tested the important concepts covered in class.,Examination Pattern,Positive,2026-02-11
1028,the exam pattern did not reflect what was taught in class.,Examination Pattern,Negative,2026-09-11
1029,The examination questions were difficult and not clearly related to the lectures.,Examination Pattern,Negative,2026-09-26
1030,The topics are well organised and useful for my studies.,Course Content,Positive,2026-09-11
1031,The computers work well during practical classes.,Laboratory,Positive,2026-01-28
1032,"In my experience, the available equipment supports the practical requirements of the course.",Laboratory,Positive,2026-02-07
1033,The lecturer gives helpful explanations when students have difficulties.,Teacher Feedback,Positive,2026-05-18
1034,the internet connection is poor during practical sessions.,Laboratory,Negative,2026-01-13
1035,The course materials provide a good understanding of the subject.,Course Content,Positive,2026-08-11
1036,"Overall, the lecturer uses practical examples that make the lessons easy to understand.",Teacher Feedback,Positive,2026-10-07
1037,"In my experience, the laboratory environment makes practical classes difficult. This could improve the learning experience.",Laboratory,Negative,2026-08-08
1038,"Generally, some important topics are not covered in the course.",Course Content,Negative,2026-04-03
1039,"Generally, the laboratory provides a good environment for hands-on learning.",Laboratory,Positive,2026-09-04
1040,Some important topics are not covered in the course.,Course Content,Negative,2026-05-20
1041,"Overall, the questions covered several topics from the course.",Examination Pattern,Neutral,2026-05-27
1042,"the teaching method is clear, organised and easy to follow.",Teacher Feedback,Positive,2026-09-24
1043,The library provides useful books and learning resources.,Library Facilities,Positive,2026-02-08
1044,The library environment is quiet and suitable for studying.,Library Facilities,Positive,2026-05-23
1045,"In my experience, the available resources support my academic work.",Library Facilities,Positive,2026-09-26
1046,The topics are well organised and useful for my studies. This could improve the learning experience.,Course Content,Positive,2026-02-19
1047,"In my experience, the teacher follows the course outline for most of the semester.",Teacher Feedback,Neutral,2026-08-17
1048,The exam contained questions from topics that were barely discussed.,Examination Pattern,Negative,2026-08-19
1049,The topics are well organised and useful for my studies.,Course Content,Positive,2026-04-25
1050,The library provides access to useful academic materials.,Library Facilities,Positive,2026-07-31
1051,the exam was fair and reflected the course content.,Examination Pattern,Positive,2026-07-02
1052,The lecturer explains concepts clearly and gives useful examples. This affects students' learning.,Teacher Feedback,Positive,2026-09-27
1053,"Overall, the library has a comfortable space for students to read.",Library Facilities,Positive,2026-04-30
1054,"In my experience, the teacher uses lectures and class discussions to teach the course.",Teacher Feedback,Neutral,2026-09-17
1055,"Generally, the teaching activities are conducted according to the timetable.",Teacher Feedback,Neutral,2026-08-12
1056,"For this semester, the syllabus contains practical and relevant topics.",Course Content,Positive,2026-02-08
1057,"Generally, the questions tested the important concepts covered in class.",Examination Pattern,Positive,2026-08-25
1058,"In my experience, students are assigned laboratory tasks during the semester.",Laboratory,Neutral,2026-05-07
1059,the lecturer gives helpful explanations when students have difficulties. This affects students' learning.,Teacher Feedback,Positive,2026-06-15
1060,"Generally, the topics are well organised and useful for my studies.",Course Content,Positive,2026-08-17
1061,"In my experience, the exam provided a reasonable opportunity to demonstrate understanding.",Examination Pattern,Positive,2026-01-16
1062,"In my experience, the course contains theoretical and practical topics.",Course Content,Neutral,2026-10-07
1063,The questions tested the important concepts covered in class.,Examination Pattern,Positive,2026-01-25
1064,the computers work well during practical classes.,Laboratory,Positive,2026-08-09
1065,"In my experience, the exam provided a reasonable opportunity to demonstrate understanding.",Examination Pattern,Positive,2026-04-08
1066,The lecturer uses practical examples that make the lessons easy to understand. This affects students' learning.,Teacher Feedback,Positive,2026-06-25
1067,The topics are well organised and useful for my studies.,Course Content,Positive,2026-02-09
1068,The laboratory facilities are adequate for most activities.,Laboratory,Positive,2026-02-28
1069,"The teacher communicates the course topics effectively. Overall, this is my observation.",Teacher Feedback,Positive,2026-06-28
1070,The topics are well organised and useful for my studies.,Course Content,Positive,2026-05-17
1071,The examination pattern was appropriate for the course. This affects students' learning.,Examination Pattern,Positive,2026-08-30
1072,"In my experience, the laboratory has useful equipment for practical sessions. This could improve the learning experience.",Laboratory,Positive,2026-02-23
1073,"Overall, the teacher communicates the course topics effectively.",Teacher Feedback,Positive,2026-08-30
1074,"In my experience, the syllabus contains topics that are not explained sufficiently.",Course Content,Negative,2026-03-22
1075,the teacher rarely responds to students' questions.,Teacher Feedback,Negative,2026-08-06
1076,The syllabus contains topics that are not explained sufficiently.,Course Content,Negative,2026-06-12
1077,The laboratory has useful equipment for practical sessions.,Laboratory,Positive,2026-07-17
1078,"For this semester, the exam included both theoretical and practical questions.",Examination Pattern,Neutral,2026-08-09
1079,"In my experience, the library does not have enough current textbooks.",Library Facilities,Negative,2026-08-10
1080,The examination time was not enough for the number of questions.,Examination Pattern,Negative,2026-07-02
1081,students use the available computers during practical classes.,Laboratory,Neutral,2026-02-28
1082,The topics covered are useful for developing my academic knowledge.,Course Content,Positive,2026-01-21
1083,The course contains theoretical and practical topics.,Course Content,Neutral,2026-03-31
1084,"Overall, the exam was fair and reflected the course content.",Examination Pattern,Positive,2026-07-13
1085,"For this semester, the lecturer covers the main topics included in the course outline.",Course Content,Neutral,2026-05-08
1086,"Overall, students are assigned laboratory tasks during the semester.",Laboratory,Neutral,2026-03-04
1087,The exam provided a reasonable opportunity to demonstrate understanding.,Examination Pattern,Positive,2026-09-28
1088,the examination instructions were clear and easy to understand.,Examination Pattern,Positive,2026-05-21
1089,"Overall, the topics are well organised and useful for my studies.",Course Content,Positive,2026-01-28
1090,The examination consisted of the required number of questions. This could improve the learning experience.,Examination Pattern,Neutral,2026-06-06
1091,The available equipment supports the practical requirements of the course.,Laboratory,Positive,2026-03-07
1092,"In my experience, the examination instructions were unclear. Overall, this is my observation.",Examination Pattern,Negative,2026-05-06
1093,"For this semester, some examination questions were confusing. This affects students' learning.",Examination Pattern,Negative,2026-04-13
1094,The lecturer gives helpful explanations when students have difficulties.,Teacher Feedback,Positive,2026-06-05
1095,"In my experience, the lecturer covers the required topics during the semester. This could improve the learning experience.",Teacher Feedback,Neutral,2026-07-20
1096,the examination contained questions from different parts of the syllabus.,Examination Pattern,Neutral,2026-08-10
1097,"In my experience, the learning materials cover the required subject areas. This affects students' learning.",Course Content,Neutral,2026-09-15
1098,"Generally, the syllabus contains practical and relevant topics.",Course Content,Positive,2026-05-05
1099,"For this semester, the examination instructions were clear and easy to understand.",Examination Pattern,Positive,2026-05-08
1100,"For this semester, the laboratory provides a good environment for hands-on learning. This could improve the learning experience.",Laboratory,Positive,2026-05-16
1101,"Generally, the examination instructions were clear and easy to understand. Overall, this is my observation.",Examination Pattern,Positive,2026-10-04
1102,"For this semester, the syllabus contains practical and relevant topics.",Course Content,Positive,2026-05-14
1103,"Overall, the library has a comfortable space for students to read.",Library Facilities,Positive,2026-01-16
1104,Laboratory sessions are conducted according to the timetable. This affects students' learning.,Laboratory,Neutral,2026-01-27
1105,"For this semester, the library provides books for different academic subjects.",Library Facilities,Neutral,2026-09-13
1106,The teacher communicates the course topics effectively.,Teacher Feedback,Positive,2026-04-09
1107,the computers work well during practical classes. This has helped my learning.,Laboratory,Positive,2026-01-18
1108,The topics covered are useful for developing my academic knowledge.,Course Content,Positive,2026-06-12
1109,There is too much theory and not enough practical content.,Course Content,Negative,2026-04-29
1110,"Overall, the exam provided a reasonable opportunity to demonstrate understanding.",Examination Pattern,Positive,2026-04-25
1111,The laboratory provides computers for scheduled practical sessions.,Laboratory,Neutral,2026-01-29
1112,"For this semester, the laboratory has useful equipment for practical sessions.",Laboratory,Positive,2026-01-31
1113,The course materials provide a good understanding of the subject.,Course Content,Positive,2026-04-01
1114,"Generally, the questions tested the important concepts covered in class. This could improve the learning experience.",Examination Pattern,Positive,2026-09-01
1115,"For this semester, the topics covered are useful for developing my academic knowledge. This affects students' learning.",Course Content,Positive,2026-05-30
1116,The library does not have enough current textbooks. This could improve the learning experience.,Library Facilities,Negative,2026-05-09
1117,"Generally, the course content is relevant and covers important concepts. Overall, this is my observation.",Course Content,Positive,2026-06-25
1118,The examination pattern was appropriate for the course.,Examination Pattern,Positive,2026-08-06
1119,The teacher rarely responds to students' questions.,Teacher Feedback,Negative,2026-05-13
1120,"Generally, the library needs better internet access for academic research. This has helped my learning.",Library Facilities,Negative,2026-09-16
1121,"Overall, the syllabus contains practical and relevant topics. This affects students' learning.",Course Content,Positive,2026-02-03
1122,"In my experience, students are assigned laboratory tasks during the semester.",Laboratory,Neutral,2026-01-26
1123,"For this semester, the library provides useful books and learning resources.",Library Facilities,Positive,2026-05-15
1124,"Overall, the laboratory provides a good environment for hands-on learning.",Laboratory,Positive,2026-01-14
1125,The topics covered are useful for developing my academic knowledge.,Course Content,Positive,2026-05-25
1126,"Generally, the examination instructions were clear and easy to understand.",Examination Pattern,Positive,2026-01-14
1127,The topics covered are useful for developing my academic knowledge.,Course Content,Positive,2026-03-23
1128,The laboratory is used for practical activities related to the course. This affects students' learning.,Laboratory,Neutral,2026-07-25
1129,The lecturer moves through lessons too quickly. This could improve the learning experience.,Teacher Feedback,Negative,2026-06-21
1130,"In my experience, the computers work well during practical classes.",Laboratory,Positive,2026-06-25
1131,"Generally, the examination instructions were unclear. This has helped my learning.",Examination Pattern,Negative,2026-08-15
1132,"For this semester, the library has a comfortable space for students to read. This could improve the learning experience.",Library Facilities,Positive,2026-01-22
1133,"Generally, there are not enough seats for students during busy periods. This could improve the learning experience.",Library Facilities,Negative,2026-09-26
1134,The exam was fair and reflected the course content.,Examination Pattern,Positive,2026-08-24
1135,The topics are well organised and useful for my studies. This has helped my learning.,Course Content,Positive,2026-03-24
1136,the computers work well during practical classes.,Laboratory,Positive,2026-07-08
1137,The topics covered are useful for developing my academic knowledge.,Course Content,Positive,2026-07-12
1138,the topics covered are useful for developing my academic knowledge.,Course Content,Positive,2026-01-26
1139,The course content is presented according to the approved outline.,Course Content,Neutral,2026-02-18
1140,Students are assigned laboratory tasks during the semester. This affects students' learning.,Laboratory,Neutral,2026-05-21
1141,"Generally, the lecturer gives helpful explanations when students have difficulties.",Teacher Feedback,Positive,2026-05-14
1142,the computers work well during practical classes.,Laboratory,Positive,2026-01-16
1143,The topics covered are useful for developing my academic knowledge.,Course Content,Positive,2026-06-30
1144,The examination instructions were clear and easy to understand.,Examination Pattern,Positive,2026-08-24
1145,The examination contained questions from different parts of the syllabus.,Examination Pattern,Neutral,2026-01-17
1146,"Generally, the teacher is approachable and responds well to students' questions.",Teacher Feedback,Positive,2026-05-13
1147,"In my experience, students are assigned laboratory tasks during the semester.",Laboratory,Neutral,2026-09-04
1148,the laboratory provides a good environment for hands-on learning.,Laboratory,Positive,2026-09-10
1149,Students use the library to read and access academic materials. This has helped my learning.,Library Facilities,Neutral,2026-02-01
1150,"Overall, the syllabus contains practical and relevant topics.",Course Content,Positive,2026-03-03
1151,"For this semester, the teaching method is clear, organised and easy to follow.",Teacher Feedback,Positive,2026-01-29
1152,"The teaching method is clear, organised and easy to follow.",Teacher Feedback,Positive,2026-02-22
1153,The available resources support my academic work.,Library Facilities,Positive,2026-04-01
1154,the teacher uses lectures and class discussions to teach the course.,Teacher Feedback,Neutral,2026-05-16
1155,The teacher follows the course outline for most of the semester. This has helped my learning.,Teacher Feedback,Neutral,2026-01-21
1156,the exam provided a reasonable opportunity to demonstrate understanding.,Examination Pattern,Positive,2026-09-19
1157,the exam was fair and reflected the course content. This has helped my learning.,Examination Pattern,Positive,2026-05-18
1158,The library has a comfortable space for students to read.,Library Facilities,Positive,2026-06-27
1159,"Overall, the library has a comfortable space for students to read.",Library Facilities,Positive,2026-10-01
1160,Many computers in the laboratory are not working properly.,Laboratory,Negative,2026-07-26
1161,the learning materials cover the required subject areas. This affects students' learning.,Course Content,Neutral,2026-07-11
1162,The laboratory environment makes practical classes difficult.,Laboratory,Negative,2026-03-01
1163,The examination instructions were clear and easy to understand.,Examination Pattern,Positive,2026-08-01
1164,"For this semester, the lecturer covers the required topics during the semester.",Teacher Feedback,Neutral,2026-03-22
1165,The examination was conducted according to the scheduled date.,Examination Pattern,Neutral,2026-04-02
1166,The questions tested the important concepts covered in class.,Examination Pattern,Positive,2026-08-22
1167,"For this semester, the practical sessions help students understand the course better.",Laboratory,Positive,2026-07-21
1168,"Generally, some examination questions were confusing.",Examination Pattern,Negative,2026-03-28
1169,Students are assigned laboratory tasks during the semester.,Laboratory,Neutral,2026-02-02
1170,"For this semester, the library resources are helpful when completing assignments. This has helped my learning.",Library Facilities,Positive,2026-09-11
1171,"In my experience, the topics are well organised and useful for my studies. Overall, this is my observation.",Course Content,Positive,2026-06-22
1172,the course contains theoretical and practical topics.,Course Content,Neutral,2026-03-17
1173,"Overall, the lecturer moves through lessons too quickly. This has helped my learning.",Teacher Feedback,Negative,2026-06-14
1174,The course follows the topics listed in the syllabus.,Course Content,Neutral,2026-07-15
1175,"Generally, the library has a comfortable space for students to read. This affects students' learning.",Library Facilities,Positive,2026-08-08
1176,"In my experience, the examination instructions were clear and easy to understand.",Examination Pattern,Positive,2026-06-15
1177,"For this semester, the lecturer is often unavailable when students need clarification.",Teacher Feedback,Negative,2026-08-03
1178,"Generally, the library has a comfortable space for students to read.",Library Facilities,Positive,2026-03-14
1179,The questions tested the important concepts covered in class.,Examination Pattern,Positive,2026-02-11
1180,The library resources are helpful when completing assignments.,Library Facilities,Positive,2026-07-30
1181,"Generally, students can use the reading area for academic activities.",Library Facilities,Neutral,2026-04-25
1182,The examination was conducted according to the scheduled date.,Examination Pattern,Neutral,2026-04-25
1183,The lecturer uses practical examples that make the lessons easy to understand.,Teacher Feedback,Positive,2026-02-10
1184,The course content is outdated and needs improvement.,Course Content,Negative,2026-05-11
1185,The laboratory has useful equipment for practical sessions.,Laboratory,Positive,2026-03-08
1186,Many useful books are unavailable in the library.,Library Facilities,Negative,2026-01-19
1187,"For this semester, some laboratory equipment is outdated. This affects students' learning.",Laboratory,Negative,2026-02-07
1188,the topics covered are useful for developing my academic knowledge.,Course Content,Positive,2026-03-12
1189,The exam was fair and reflected the course content.,Examination Pattern,Positive,2026-01-15
1190,"Overall, the exam provided a reasonable opportunity to demonstrate understanding.",Examination Pattern,Positive,2026-03-11
1191,"For this semester, many computers in the laboratory are not working properly.",Laboratory,Negative,2026-05-13
1192,The lecturer explains concepts clearly and gives useful examples.,Teacher Feedback,Positive,2026-03-29
1193,"Generally, the exam contained questions from topics that were barely discussed.",Examination Pattern,Negative,2026-08-05
1194,"Generally, the lecturer covers the main topics included in the course outline.",Course Content,Neutral,2026-03-29
1195,"For this semester, the library provides a space for individual study.",Library Facilities,Neutral,2026-09-06
1196,"Generally, the exam contained questions from topics that were barely discussed. This affects students' learning.",Examination Pattern,Negative,2026-07-25
1197,the library has a comfortable space for students to read. This affects students' learning.,Library Facilities,Positive,2026-04-18
1198,The practical sessions help students understand the course better.,Laboratory,Positive,2026-09-11
1199,The lecturer is often unavailable when students need clarification.,Teacher Feedback,Negative,2026-05-06
1200,The library provides access to useful academic materials.,Library Facilities,Positive,2026-07-10
1201,The course follows the topics listed in the syllabus.,Course Content,Neutral,2026-05-24
1202,The exam was fair and reflected the course content.,Examination Pattern,Positive,2026-04-10
1203,The course content is interesting and supports further learning.,Course Content,Positive,2026-10-07
1204,The laboratory provides a good environment for hands-on learning.,Laboratory,Positive,2026-08-25
1205,"Overall, the practical sessions help students understand the course better. This affects students' learning.",Laboratory,Positive,2026-04-10
1206,"In my experience, the available equipment supports the practical requirements of the course. This has helped my learning.",Laboratory,Positive,2026-01-20
1207,The topics are well organised and useful for my studies.,Course Content,Positive,2026-04-18
1208,"In my experience, the practical sessions help students understand the course better.",Laboratory,Positive,2026-08-30
1209,"Overall, the topics covered are useful for developing my academic knowledge.",Course Content,Positive,2026-05-28
1210,"Overall, the examination pattern was appropriate for the course.",Examination Pattern,Positive,2026-07-09
1211,The examination time was not enough for the number of questions.,Examination Pattern,Negative,2026-07-24
1212,The examination questions were relevant to the topics taught.,Examination Pattern,Positive,2026-01-18
1213,"Overall, the exam was fair and reflected the course content.",Examination Pattern,Positive,2026-09-25
1214,"In my experience, the library provides a space for individual study.",Library Facilities,Neutral,2026-01-20
1215,"In my experience, the course materials provide a good understanding of the subject.",Course Content,Positive,2026-01-25
1216,"For this semester, the exam contained questions from topics that were barely discussed.",Examination Pattern,Negative,2026-06-28
1217,"For this semester, the course content is presented according to the approved outline.",Course Content,Neutral,2026-04-12
1218,"Overall, the teacher communicates the course topics effectively. This affects students' learning.",Teacher Feedback,Positive,2026-03-02
1219,The laboratory is used for practical activities related to the course.,Laboratory,Neutral,2026-09-07
1220,"Generally, the teaching method makes some topics difficult to understand.",Teacher Feedback,Negative,2026-07-28
1221,The syllabus contains practical and relevant topics.,Course Content,Positive,2026-09-19
1222,"Overall, the topics covered are useful for developing my academic knowledge. This could improve the learning experience.",Course Content,Positive,2026-09-18
1223,"Overall, the internet connection is poor during practical sessions.",Laboratory,Negative,2026-07-30
1224,The questions tested the important concepts covered in class.,Examination Pattern,Positive,2026-06-19
1225,"Generally, the teaching method is clear, organised and easy to follow.",Teacher Feedback,Positive,2026-03-29
1226,"Generally, the teacher communicates the course topics effectively.",Teacher Feedback,Positive,2026-03-30
1227,"Generally, the course materials provide a good understanding of the subject. This affects students' learning.",Course Content,Positive,2026-05-10
1228,Many useful books are unavailable in the library. This affects students' learning.,Library Facilities,Negative,2026-10-03
1229,"For this semester, the questions covered several topics from the course. This affects students' learning.",Examination Pattern,Neutral,2026-05-04
1230,"Overall, the lecturer explains concepts clearly and gives useful examples.",Teacher Feedback,Positive,2026-08-30
1231,The questions covered several topics from the course. This has helped my learning.,Examination Pattern,Neutral,2026-06-02
1232,the course content is relevant and covers important concepts.,Course Content,Positive,2026-02-09
1233,The library provides access to useful academic materials. This could improve the learning experience.,Library Facilities,Positive,2026-05-29
1234,The library provides access to useful academic materials.,Library Facilities,Positive,2026-02-23
1235,"In my experience, the teaching method is clear, organised and easy to follow.",Teacher Feedback,Positive,2026-04-18
1236,"For this semester, the lecturer uses practical examples that make the lessons easy to understand.",Teacher Feedback,Positive,2026-06-23
1237,the course materials provide a good understanding of the subject.,Course Content,Positive,2026-08-25
1238,The library environment is quiet and suitable for studying.,Library Facilities,Positive,2026-03-13
1239,The exam included both theoretical and practical questions.,Examination Pattern,Neutral,2026-09-30
1240,"In my experience, the library contains textbooks and other learning materials.",Library Facilities,Neutral,2026-04-04
1241,The lecturer covers the required topics during the semester. This has helped my learning.,Teacher Feedback,Neutral,2026-05-05
1242,"In my experience, the laboratory provides a good environment for hands-on learning.",Laboratory,Positive,2026-06-13
1243,The library provides access to useful academic materials.,Library Facilities,Positive,2026-03-12
1244,The examination was conducted according to the scheduled date. This has helped my learning.,Examination Pattern,Neutral,2026-02-03
1245,"In my experience, the library contains textbooks and other learning materials.",Library Facilities,Neutral,2026-02-27
1246,The teacher is approachable and responds well to students' questions.,Teacher Feedback,Positive,2026-05-29
1247,the course materials provide a good understanding of the subject. This affects students' learning.,Course Content,Positive,2026-08-13
1248,The laboratory environment makes practical classes difficult. This could improve the learning experience.,Laboratory,Negative,2026-02-14
1249,the laboratory environment makes practical classes difficult.,Laboratory,Negative,2026-02-03
1250,"The lecturer is often unavailable when students need clarification. Overall, this is my observation.",Teacher Feedback,Negative,2026-06-08
1251,"Overall, the teacher is approachable and responds well to students' questions.",Teacher Feedback,Positive,2026-01-11
1252,"In my experience, the examination consisted of the required number of questions. This could improve the learning experience.",Examination Pattern,Neutral,2026-05-13
1253,The library provides useful books and learning resources.,Library Facilities,Positive,2026-08-09
1254,The laboratory has useful equipment for practical sessions.,Laboratory,Positive,2026-03-29
1255,"For this semester, the lecturer covers the main topics included in the course outline.",Course Content,Neutral,2026-09-12
1256,The laboratory provides a good environment for hands-on learning.,Laboratory,Positive,2026-02-01
1257,"For this semester, the lecturer gives helpful explanations when students have difficulties.",Teacher Feedback,Positive,2026-01-23
1258,the laboratory is used for practical activities related to the course.,Laboratory,Neutral,2026-03-07
1259,"For this semester, the course contains theoretical and practical topics.",Course Content,Neutral,2026-08-09
1260,"In my experience, the course content is relevant and covers important concepts.",Course Content,Positive,2026-05-09
1261,"Overall, the available equipment supports the practical requirements of the course.",Laboratory,Positive,2026-01-17
1262,"Generally, students are assigned laboratory tasks during the semester. This affects students' learning.",Laboratory,Neutral,2026-06-04
1263,The library provides access to useful academic materials.,Library Facilities,Positive,2026-01-14
1264,The teacher follows the course outline for most of the semester.,Teacher Feedback,Neutral,2026-05-30
1265,The laboratory provides a good environment for hands-on learning.,Laboratory,Positive,2026-03-09
1266,"For this semester, the syllabus contains practical and relevant topics. This could improve the learning experience.",Course Content,Positive,2026-09-05
1267,"the laboratory provides computers for scheduled practical sessions. Overall, this is my observation.",Laboratory,Neutral,2026-07-27
1268,"Overall, the reading area can be too crowded for effective study.",Library Facilities,Negative,2026-04-15
1269,"Generally, the topics are well organised and useful for my studies.",Course Content,Positive,2026-06-12
1270,"In my experience, the exam provided a reasonable opportunity to demonstrate understanding. This could improve the learning experience.",Examination Pattern,Positive,2026-08-02
1271,The syllabus contains topics that are not explained sufficiently.,Course Content,Negative,2026-03-18
1272,"Generally, the available resources support my academic work.",Library Facilities,Positive,2026-07-22
1273,The examination consisted of the required number of questions.,Examination Pattern,Neutral,2026-09-09
1274,"For this semester, the teaching method is clear, organised and easy to follow. This affects students' learning.",Teacher Feedback,Positive,2026-07-23
1275,"In my experience, some topics are difficult because the course materials are incomplete.",Course Content,Negative,2026-06-24
1276,"Generally, the available equipment supports the practical requirements of the course.",Laboratory,Positive,2026-10-05
1277,"Overall, the examination was conducted according to the scheduled date.",Examination Pattern,Neutral,2026-08-18
1278,"Generally, the course content is relevant and covers important concepts.",Course Content,Positive,2026-09-07
1279,The teaching activities are conducted according to the timetable.,Teacher Feedback,Neutral,2026-08-12
1280,"For this semester, the topics are well organised and useful for my studies.",Course Content,Positive,2026-09-25
1281,The examination questions were relevant to the topics taught.,Examination Pattern,Positive,2026-06-30
1282,The lecturer explains concepts clearly and gives useful examples.,Teacher Feedback,Positive,2026-07-23
1283,The exam provided a reasonable opportunity to demonstrate understanding.,Examination Pattern,Positive,2026-09-24
1284,"Overall, many useful books are unavailable in the library.",Library Facilities,Negative,2026-08-30
1285,"Overall, the practical sessions include demonstrations and exercises.",Laboratory,Neutral,2026-06-09
1286,"In my experience, the library provides useful books and learning resources.",Library Facilities,Positive,2026-08-01
1287,The laboratory does not have enough equipment for all students. This has helped my learning.,Laboratory,Negative,2026-03-24
1288,The course content is relevant and covers important concepts.,Course Content,Positive,2026-06-05
1289,"For this semester, the exam was fair and reflected the course content.",Examination Pattern,Positive,2026-07-04
1290,"Generally, the lecturer uses practical examples that make the lessons easy to understand.",Teacher Feedback,Positive,2026-04-28
1291,"In my experience, the library provides useful books and learning resources. This affects students' learning.",Library Facilities,Positive,2026-04-09
1292,"Overall, the teacher follows the course outline for most of the semester. This could improve the learning experience.",Teacher Feedback,Neutral,2026-09-12
1293,"For this semester, the course content is relevant and covers important concepts.",Course Content,Positive,2026-08-12
1294,"In my experience, the lecturer uses practical examples that make the lessons easy to understand.",Teacher Feedback,Positive,2026-08-20
1295,the examination contained questions from different parts of the syllabus. This could improve the learning experience.,Examination Pattern,Neutral,2026-07-21
1296,"For this semester, the lecturer gives helpful explanations when students have difficulties.",Teacher Feedback,Positive,2026-08-19
1297,"Generally, the syllabus contains practical and relevant topics.",Course Content,Positive,2026-08-19
1298,"Overall, the teacher uses lectures and class discussions to teach the course. This has helped my learning.",Teacher Feedback,Neutral,2026-03-19
1299,the library provides useful books and learning resources.,Library Facilities,Positive,2026-10-01
1300,"For this semester, the teaching method is clear, organised and easy to follow. This affects students' learning.",Teacher Feedback,Positive,2026-05-13
1301,"For this semester, the computers work well during practical classes.",Laboratory,Positive,2026-01-20
1302,Some laboratory equipment is outdated.,Laboratory,Negative,2026-07-28
1303,"Overall, the exam was fair and reflected the course content.",Examination Pattern,Positive,2026-06-22
1304,Students often have to share computers during laboratory work.,Laboratory,Negative,2026-04-10
1305,The topics are well organised and useful for my studies.,Course Content,Positive,2026-05-27
1306,Students are assigned laboratory tasks during the semester.,Laboratory,Neutral,2026-07-08
1307,"For this semester, the lecturer explains concepts clearly and gives useful examples. This affects students' learning.",Teacher Feedback,Positive,2026-08-21
1308,"Overall, the exam was fair and reflected the course content. Overall, this is my observation.",Examination Pattern,Positive,2026-07-04
1309,Some laboratory equipment is outdated.,Laboratory,Negative,2026-08-07
1310,the laboratory is used for practical activities related to the course.,Laboratory,Neutral,2026-10-05
1311,the teacher rarely responds to students' questions. This has helped my learning.,Teacher Feedback,Negative,2026-09-11
1312,"Overall, the internet connection is poor during practical sessions. This could improve the learning experience.",Laboratory,Negative,2026-04-16
1313,The semester covers the major topics in the syllabus.,Course Content,Neutral,2026-02-18
1314,"Generally, the practical sessions help students understand the course better.",Laboratory,Positive,2026-02-12
1315,The teacher communicates the course topics effectively.,Teacher Feedback,Positive,2026-09-25
1316,"For this semester, the course content is interesting and supports further learning.",Course Content,Positive,2026-07-07
1317,The examination was conducted according to the scheduled date.,Examination Pattern,Neutral,2026-06-14
1318,the practical sessions help students understand the course better.,Laboratory,Positive,2026-03-15
1319,The examination questions were relevant to the topics taught.,Examination Pattern,Positive,2026-05-14
1320,The questions covered several topics from the course. This has helped my learning.,Examination Pattern,Neutral,2026-06-03
1321,"For this semester, the semester covers the major topics in the syllabus.",Course Content,Neutral,2026-09-29
1322,"Generally, the examination pattern was appropriate for the course.",Examination Pattern,Positive,2026-04-10
1323,The available resources support my academic work.,Library Facilities,Positive,2026-03-07
1324,"Generally, the course content is interesting and supports further learning.",Course Content,Positive,2026-08-14
1325,The library environment is quiet and suitable for studying.,Library Facilities,Positive,2026-06-03
1326,"In my experience, the course content is interesting and supports further learning.",Course Content,Positive,2026-08-01
1327,"The laboratory does not have enough equipment for all students. Overall, this is my observation.",Laboratory,Negative,2026-02-16
1328,The laboratory provides a good environment for hands-on learning.,Laboratory,Positive,2026-04-27
1329,the laboratory provides a good environment for hands-on learning.,Laboratory,Positive,2026-10-01
1330,"Generally, the lecturer covers the required topics during the semester.",Teacher Feedback,Neutral,2026-05-28
1331,"For this semester, the laboratory provides computers for scheduled practical sessions. This could improve the learning experience.",Laboratory,Neutral,2026-03-19
1332,The laboratory facilities are adequate for most activities. This has helped my learning.,Laboratory,Positive,2026-08-14
1333,"For this semester, the exam contained questions from topics that were barely discussed.",Examination Pattern,Negative,2026-08-31
1334,the course materials provide a good understanding of the subject.,Course Content,Positive,2026-03-11
1335,The syllabus contains topics that are not explained sufficiently.,Course Content,Negative,2026-08-31
1336,"the library contains textbooks and other learning materials. Overall, this is my observation.",Library Facilities,Neutral,2026-01-23
1337,"For this semester, the teacher is approachable and responds well to students' questions.",Teacher Feedback,Positive,2026-09-07
1338,The computers work well during practical classes. This could improve the learning experience.,Laboratory,Positive,2026-02-28
1339,The course content is outdated and needs improvement.,Course Content,Negative,2026-02-24
1340,"In my experience, the exam followed the general format used for the course.",Examination Pattern,Neutral,2026-08-02
1341,"For this semester, the syllabus contains practical and relevant topics.",Course Content,Positive,2026-02-09
1342,The lecturer explains concepts clearly and gives useful examples. This could improve the learning experience.,Teacher Feedback,Positive,2026-05-04
1343,"Overall, the course content is relevant and covers important concepts.",Course Content,Positive,2026-05-03
1344,the lecturer covers the required topics during the semester.,Teacher Feedback,Neutral,2026-01-31
1345,The exam followed the general format used for the course.,Examination Pattern,Neutral,2026-03-07
1346,"In my experience, the lecturer explains concepts clearly and gives useful examples. This could improve the learning experience.",Teacher Feedback,Positive,2026-02-20
1347,"For this semester, the library provides a space for individual study.",Library Facilities,Neutral,2026-05-19
1348,"Generally, the lecturer does not explain difficult topics clearly. This affects students' learning.",Teacher Feedback,Negative,2026-04-13
1349,the exam included both theoretical and practical questions.,Examination Pattern,Neutral,2026-05-13
1350,"Generally, the computers work well during practical classes.",Laboratory,Positive,2026-02-24
1351,"Overall, the laboratory facilities are adequate for most activities.",Laboratory,Positive,2026-06-01
1352,"In my experience, the library provides books for different academic subjects. This affects students' learning.",Library Facilities,Neutral,2026-05-19
1353,The lecturer gives helpful explanations when students have difficulties.,Teacher Feedback,Positive,2026-06-24
1354,"For this semester, the syllabus contains topics that are not explained sufficiently. This could improve the learning experience.",Course Content,Negative,2026-08-13
1355,The examination contained questions from different parts of the syllabus.,Examination Pattern,Neutral,2026-09-10
1356,"Generally, the examination time was not enough for the number of questions.",Examination Pattern,Negative,2026-02-14
1357,The course materials provide a good understanding of the subject.,Course Content,Positive,2026-02-02
1358,The teacher communicates the course topics effectively.,Teacher Feedback,Positive,2026-09-16
1359,"Generally, the teacher is approachable and responds well to students' questions.",Teacher Feedback,Positive,2026-08-14
1360,The exam provided a reasonable opportunity to demonstrate understanding.,Examination Pattern,Positive,2026-05-01
1361,The library provides access to useful academic materials.,Library Facilities,Positive,2026-08-07
1362,"In my experience, the topics are well organised and useful for my studies.",Course Content,Positive,2026-05-14
1363,"For this semester, students often have to share computers during laboratory work.",Laboratory,Negative,2026-06-16
1364,"The teaching method is clear, organised and easy to follow.",Teacher Feedback,Positive,2026-01-16
1365,the library provides access to useful academic materials.,Library Facilities,Positive,2026-05-01
1366,The examination questions were difficult and not clearly related to the lectures. This affects students' learning.,Examination Pattern,Negative,2026-03-12
1367,the laboratory does not have enough equipment for all students.,Laboratory,Negative,2026-03-06
1368,The examination instructions were unclear. This has helped my learning.,Examination Pattern,Negative,2026-01-22
1369,"The course content is presented according to the approved outline. Overall, this is my observation.",Course Content,Neutral,2026-09-23
1370,The topics are well organised and useful for my studies.,Course Content,Positive,2026-07-30
1371,"Generally, the lecturer gives assignments and discusses them in class.",Teacher Feedback,Neutral,2026-03-14
1372,The examination pattern was appropriate for the course.,Examination Pattern,Positive,2026-02-03
1373,"For this semester, the available resources support my academic work.",Library Facilities,Positive,2026-04-23
1374,The teacher is approachable and responds well to students' questions.,Teacher Feedback,Positive,2026-09-04
1375,"Generally, the available equipment supports the practical requirements of the course.",Laboratory,Positive,2026-04-12
1376,"For this semester, the library provides useful books and learning resources.",Library Facilities,Positive,2026-09-16
1377,"In my experience, the lecturer explains concepts clearly and gives useful examples.",Teacher Feedback,Positive,2026-08-10
1378,the lecturer moves through lessons too quickly.,Teacher Feedback,Negative,2026-07-11
1379,"For this semester, the available resources support my academic work.",Library Facilities,Positive,2026-09-20
1380,The course materials provide a good understanding of the subject. This has helped my learning.,Course Content,Positive,2026-05-16
1381,"For this semester, the questions tested the important concepts covered in class.",Examination Pattern,Positive,2026-01-18
1382,The practical sessions include demonstrations and exercises.,Laboratory,Neutral,2026-10-02
1383,The syllabus contains practical and relevant topics.,Course Content,Positive,2026-02-22
1384,The library contains textbooks and other learning materials.,Library Facilities,Neutral,2026-08-15
1385,the course materials provide a good understanding of the subject.,Course Content,Positive,2026-05-23
1386,"In my experience, the computers work well during practical classes.",Laboratory,Positive,2026-06-25
1387,"In my experience, the available resources support my academic work.",Library Facilities,Positive,2026-09-13
1388,The available equipment supports the practical requirements of the course.,Laboratory,Positive,2026-01-28
1389,The semester covers the major topics in the syllabus.,Course Content,Neutral,2026-03-05
1390,"In my experience, the topics are well organised and useful for my studies. This has helped my learning.",Course Content,Positive,2026-08-07
1391,"Generally, the laboratory has useful equipment for practical sessions.",Laboratory,Positive,2026-03-20
1392,"For this semester, the laboratory has useful equipment for practical sessions.",Laboratory,Positive,2026-09-28
1393,"Generally, the laboratory does not have enough equipment for all students.",Laboratory,Negative,2026-05-01
1394,The library has a comfortable space for students to read.,Library Facilities,Positive,2026-03-13
1395,"Generally, the library provides a space for individual study.",Library Facilities,Neutral,2026-07-16
1396,"The laboratory facilities are adequate for most activities. Overall, this is my observation.",Laboratory,Positive,2026-07-30
1397,the lecturer gives helpful explanations when students have difficulties.,Teacher Feedback,Positive,2026-07-14
1398,The computers work well during practical classes. This could improve the learning experience.,Laboratory,Positive,2026-03-19
1399,The library does not have enough current textbooks.,Library Facilities,Negative,2026-07-17
1400,"In my experience, the laboratory provides a good environment for hands-on learning.",Laboratory,Positive,2026-03-29
1401,"For this semester, laboratory sessions are conducted according to the timetable.",Laboratory,Neutral,2026-09-15
1402,"Overall, some examination questions were confusing.",Examination Pattern,Negative,2026-06-12
1403,"In my experience, the teacher communicates the course topics effectively. This could improve the learning experience.",Teacher Feedback,Positive,2026-09-30
1404,"For this semester, students can use the reading area for academic activities.",Library Facilities,Neutral,2026-09-14
1405,The lecturer provides explanations and examples during classes.,Teacher Feedback,Neutral,2026-03-24
1406,The library has a comfortable space for students to read.,Library Facilities,Positive,2026-02-05
1407,The exam followed the general format used for the course.,Examination Pattern,Neutral,2026-05-23
1408,Laboratory sessions are conducted according to the timetable.,Laboratory,Neutral,2026-03-24
1409,The computers work well during practical classes.,Laboratory,Positive,2026-06-10
1410,The lecturer provides explanations and examples during classes.,Teacher Feedback,Neutral,2026-02-18
1411,"In my experience, the library provides useful books and learning resources. This affects students' learning.",Library Facilities,Positive,2026-05-18
1412,"Generally, the questions covered several topics from the course. This has helped my learning.",Examination Pattern,Neutral,2026-09-16
1413,"For this semester, the topics are well organised and useful for my studies.",Course Content,Positive,2026-06-23
1414,The practical sessions help students understand the course better. This affects students' learning.,Laboratory,Positive,2026-02-12
1415,Some laboratory equipment is outdated.,Laboratory,Negative,2026-06-16
1416,"In my experience, there is too much theory and not enough practical content.",Course Content,Negative,2026-06-20
1417,The exam provided a reasonable opportunity to demonstrate understanding.,Examination Pattern,Positive,2026-07-18
1418,"Generally, the lecturer covers the main topics included in the course outline.",Course Content,Neutral,2026-04-03
1419,"In my experience, the course content is presented according to the approved outline. This could improve the learning experience.",Course Content,Neutral,2026-02-23
1420,"In my experience, the topics are well organised and useful for my studies. This affects students' learning.",Course Content,Positive,2026-06-06
1421,"Overall, the examination instructions were clear and easy to understand.",Examination Pattern,Positive,2026-04-13
1422,Students use the available computers during practical classes.,Laboratory,Neutral,2026-03-10
1423,The course content is relevant and covers important concepts.,Course Content,Positive,2026-06-10
1424,"Overall, the examination questions were relevant to the topics taught.",Examination Pattern,Positive,2026-04-07
1425,The examination pattern was appropriate for the course.,Examination Pattern,Positive,2026-07-18
1426,the computers work well during practical classes.,Laboratory,Positive,2026-01-13
1427,"Overall, the examination instructions were clear and easy to understand.",Examination Pattern,Positive,2026-05-29
1428,the laboratory facilities are adequate for most activities.,Laboratory,Positive,2026-05-08
1429,The course materials provide a good understanding of the subject.,Course Content,Positive,2026-10-05
1430,some examination questions were confusing.,Examination Pattern,Negative,2026-08-22
1431,The examination questions were difficult and not clearly related to the lectures.,Examination Pattern,Negative,2026-01-23
1432,"For this semester, the exam followed the general format used for the course.",Examination Pattern,Neutral,2026-04-30
1433,the exam followed the general format used for the course.,Examination Pattern,Neutral,2026-01-21
1434,The laboratory has useful equipment for practical sessions.,Laboratory,Positive,2026-06-25
1435,the course contains theoretical and practical topics.,Course Content,Neutral,2026-01-26
1436,The course content is interesting and supports further learning.,Course Content,Positive,2026-07-30
1437,The teacher communicates the course topics effectively.,Teacher Feedback,Positive,2026-08-25
1438,The topics are well organised and useful for my studies.,Course Content,Positive,2026-08-30
1439,The exam provided a reasonable opportunity to demonstrate understanding.,Examination Pattern,Positive,2026-09-22
1440,The library does not have enough current textbooks.,Library Facilities,Negative,2026-09-21
1441,The teacher is approachable and responds well to students' questions.,Teacher Feedback,Positive,2026-04-17
1442,The teacher follows the course outline for most of the semester.,Teacher Feedback,Neutral,2026-06-28
1443,The examination was conducted according to the scheduled date.,Examination Pattern,Neutral,2026-09-02
1444,"Overall, the topics covered are useful for developing my academic knowledge.",Course Content,Positive,2026-08-20
1445,The teacher is approachable and responds well to students' questions. This affects students' learning.,Teacher Feedback,Positive,2026-02-16
1446,"Overall, the syllabus contains practical and relevant topics. Overall, this is my observation.",Course Content,Positive,2026-03-02
1447,the available resources support my academic work.,Library Facilities,Positive,2026-03-23
1448,"Overall, the library is available to students during its operating hours.",Library Facilities,Neutral,2026-08-07
1449,The syllabus contains practical and relevant topics.,Course Content,Positive,2026-01-23
1450,"For this semester, the examination questions were relevant to the topics taught. This could improve the learning experience.",Examination Pattern,Positive,2026-09-27
1451,"In my experience, the practical sessions help students understand the course better.",Laboratory,Positive,2026-10-03
1452,The questions tested the important concepts covered in class.,Examination Pattern,Positive,2026-02-27
1453,"For this semester, the lecturer gives helpful explanations when students have difficulties. This could improve the learning experience.",Teacher Feedback,Positive,2026-07-20
1454,the topics are well organised and useful for my studies.,Course Content,Positive,2026-06-09
1455,The teacher is approachable and responds well to students' questions.,Teacher Feedback,Positive,2026-10-06
1456,"Overall, the teaching activities are conducted according to the timetable.",Teacher Feedback,Neutral,2026-03-05
1457,The syllabus contains topics that are not explained sufficiently. This could improve the learning experience.,Course Content,Negative,2026-04-17
1458,"In my experience, the lecturer explains concepts clearly and gives useful examples.",Teacher Feedback,Positive,2026-09-22
1459,The laboratory facilities are adequate for most activities.,Laboratory,Positive,2026-02-25
1460,"Overall, the lecturer gives helpful explanations when students have difficulties. This affects students' learning.",Teacher Feedback,Positive,2026-01-20
1461,The course materials provide a good understanding of the subject.,Course Content,Positive,2026-04-15
1462,"In my experience, the available resources support my academic work. This has helped my learning.",Library Facilities,Positive,2026-09-27
1463,"The course content is relevant and covers important concepts. Overall, this is my observation.",Course Content,Positive,2026-06-06
1464,"For this semester, the examination instructions were clear and easy to understand.",Examination Pattern,Positive,2026-05-27
1465,The teacher communicates the course topics effectively.,Teacher Feedback,Positive,2026-02-23
1466,The teacher rarely responds to students' questions.,Teacher Feedback,Negative,2026-03-07
1467,The teacher communicates the course topics effectively.,Teacher Feedback,Positive,2026-05-12
1468,"For this semester, the topics are well organised and useful for my studies.",Course Content,Positive,2026-10-01
1469,the reading area can be too crowded for effective study.,Library Facilities,Negative,2026-07-25
1470,the exam included both theoretical and practical questions.,Examination Pattern,Neutral,2026-08-25
1471,"In my experience, the examination was conducted according to the scheduled date.",Examination Pattern,Neutral,2026-09-14
1472,"For this semester, the library has a comfortable space for students to read.",Library Facilities,Positive,2026-04-23
1473,The lecturer gives assignments and discusses them in class.,Teacher Feedback,Neutral,2026-07-28
1474,The teacher is approachable and responds well to students' questions.,Teacher Feedback,Positive,2026-06-27
1475,"Generally, the exam provided a reasonable opportunity to demonstrate understanding.",Examination Pattern,Positive,2026-05-21
1476,"Generally, the examination questions were relevant to the topics taught.",Examination Pattern,Positive,2026-07-07
1477,Many computers in the laboratory are not working properly.,Laboratory,Negative,2026-06-07
1478,the questions tested the important concepts covered in class.,Examination Pattern,Positive,2026-10-03
1479,"In my experience, the available equipment supports the practical requirements of the course.",Laboratory,Positive,2026-03-02
1480,The syllabus contains practical and relevant topics.,Course Content,Positive,2026-07-21
1481,The examination questions were difficult and not clearly related to the lectures. This affects students' learning.,Examination Pattern,Negative,2026-06-16
1482,The examination contained questions from different parts of the syllabus.,Examination Pattern,Neutral,2026-09-14
1483,"Generally, the examination contained questions from different parts of the syllabus.",Examination Pattern,Neutral,2026-01-20
1484,The course content is interesting and supports further learning.,Course Content,Positive,2026-06-19
1485,The available resources support my academic work.,Library Facilities,Positive,2026-08-01
1486,"For this semester, the course content is relevant and covers important concepts.",Course Content,Positive,2026-04-11
1487,"In my experience, the lecturer explains concepts clearly and gives useful examples.",Teacher Feedback,Positive,2026-05-25
1488,The lecturer uses practical examples that make the lessons easy to understand.,Teacher Feedback,Positive,2026-09-09
1489,"For this semester, the teacher uses lectures and class discussions to teach the course.",Teacher Feedback,Neutral,2026-05-16
1490,"the teacher communicates the course topics effectively. Overall, this is my observation.",Teacher Feedback,Positive,2026-06-14
1491,"Generally, some topics are difficult because the course materials are incomplete.",Course Content,Negative,2026-04-19
1492,"Generally, the library provides books for different academic subjects.",Library Facilities,Neutral,2026-05-27
1493,"Generally, some library resources are outdated. Overall, this is my observation.",Library Facilities,Negative,2026-01-15
1494,The practical sessions help students understand the course better. This could improve the learning experience.,Laboratory,Positive,2026-04-16
1495,"For this semester, the teacher follows the course outline for most of the semester. This affects students' learning.",Teacher Feedback,Neutral,2026-05-02
1496,"In my experience, the library resources are helpful when completing assignments. This could improve the learning experience.",Library Facilities,Positive,2026-05-15
1497,The laboratory provides computers for scheduled practical sessions.,Laboratory,Neutral,2026-07-05
1498,"Overall, the teacher rarely responds to students' questions. Overall, this is my observation.",Teacher Feedback,Negative,2026-03-12
1499,the topics covered are useful for developing my academic knowledge.,Course Content,Positive,2026-01-14
1500,"In my experience, the laboratory is used for practical activities related to the course.",Laboratory,Neutral,2026-07-07
1501,"In my experience, the library environment is quiet and suitable for studying.",Library Facilities,Positive,2026-01-24
1502,"In my experience, the topics covered are useful for developing my academic knowledge.",Course Content,Positive,2026-02-24
1503,The exam provided a reasonable opportunity to demonstrate understanding.,Examination Pattern,Positive,2026-02-16
1504,"Generally, the teacher is approachable and responds well to students' questions. This has helped my learning.",Teacher Feedback,Positive,2026-09-04
1505,The lecturer gives assignments and discusses them in class.,Teacher Feedback,Neutral,2026-09-28
1506,"For this semester, the course materials provide a good understanding of the subject.",Course Content,Positive,2026-04-22
1507,"For this semester, the available resources support my academic work. This affects students' learning.",Library Facilities,Positive,2026-02-06
1508,"students can use the reading area for academic activities. Overall, this is my observation.",Library Facilities,Neutral,2026-07-08
1509,The laboratory provides a good environment for hands-on learning.,Laboratory,Positive,2026-07-04
1510,The lecturer explains concepts clearly and gives useful examples.,Teacher Feedback,Positive,2026-09-29
1511,"For this semester, the teaching activities are conducted according to the timetable.",Teacher Feedback,Neutral,2026-09-06
1512,The library has a comfortable space for students to read.,Library Facilities,Positive,2026-07-14
1513,The lecturer uses practical examples that make the lessons easy to understand.,Teacher Feedback,Positive,2026-10-06
1514,The teacher communicates the course topics effectively. This could improve the learning experience.,Teacher Feedback,Positive,2026-05-20
1515,"For this semester, the syllabus contains topics that are not explained sufficiently.",Course Content,Negative,2026-03-08
1516,The examination pattern was appropriate for the course.,Examination Pattern,Positive,2026-06-12
1517,The library contains textbooks and other learning materials.,Library Facilities,Neutral,2026-01-22
1518,"Generally, the available equipment supports the practical requirements of the course.",Laboratory,Positive,2026-01-22
1519,"In my experience, the examination time was not enough for the number of questions.",Examination Pattern,Negative,2026-04-02
1520,The teaching activities are conducted according to the timetable.,Teacher Feedback,Neutral,2026-04-06
1521,The examination questions were relevant to the topics taught.,Examination Pattern,Positive,2026-03-14
1522,The laboratory has useful equipment for practical sessions.,Laboratory,Positive,2026-04-25
1523,The lecturer uses practical examples that make the lessons easy to understand.,Teacher Feedback,Positive,2026-01-10
1524,The course materials provide a good understanding of the subject.,Course Content,Positive,2026-06-07
1525,The semester covers the major topics in the syllabus.,Course Content,Neutral,2026-05-21
1526,the practical sessions help students understand the course better.,Laboratory,Positive,2026-01-17
1527,"In my experience, the reading area can be too crowded for effective study. This affects students' learning.",Library Facilities,Negative,2026-03-16
1528,"For this semester, the teacher follows the course outline for most of the semester. This has helped my learning.",Teacher Feedback,Neutral,2026-03-01
1529,The laboratory has useful equipment for practical sessions.,Laboratory,Positive,2026-09-08
1530,The laboratory has useful equipment for practical sessions. This could improve the learning experience.,Laboratory,Positive,2026-02-13
1531,"For this semester, the questions tested the important concepts covered in class.",Examination Pattern,Positive,2026-09-11
1532,Students use the available computers during practical classes. This has helped my learning.,Laboratory,Neutral,2026-09-27
1533,"Overall, the lecturer gives helpful explanations when students have difficulties. This has helped my learning.",Teacher Feedback,Positive,2026-08-13
1534,the topics covered are useful for developing my academic knowledge.,Course Content,Positive,2026-04-04
1535,"In my experience, the computers work well during practical classes.",Laboratory,Positive,2026-04-03
1536,"Overall, the computers work well during practical classes.",Laboratory,Positive,2026-06-21
1537,"the examination questions were relevant to the topics taught. Overall, this is my observation.",Examination Pattern,Positive,2026-05-28
1538,"Overall, some library resources are outdated.",Library Facilities,Negative,2026-05-07
1539,"For this semester, the laboratory has useful equipment for practical sessions.",Laboratory,Positive,2026-02-04
1540,The library does not have enough current textbooks.,Library Facilities,Negative,2026-07-03
1541,The course follows the topics listed in the syllabus.,Course Content,Neutral,2026-03-26
1542,The laboratory has useful equipment for practical sessions.,Laboratory,Positive,2026-09-26
1543,"Overall, some important topics are not covered in the course. This could improve the learning experience.",Course Content,Negative,2026-07-12
1544,Some important topics are not covered in the course.,Course Content,Negative,2026-09-16
1545,"Overall, the laboratory facilities are adequate for most activities.",Laboratory,Positive,2026-05-28
1546,The library has a comfortable space for students to read.,Library Facilities,Positive,2026-03-27
1547,"In my experience, the examination questions were relevant to the topics taught.",Examination Pattern,Positive,2026-05-01
1548,The teacher is approachable and responds well to students' questions.,Teacher Feedback,Positive,2026-04-04
1549,The course content is outdated and needs improvement. This could improve the learning experience.,Course Content,Negative,2026-03-14
1550,"For this semester, the available equipment supports the practical requirements of the course.",Laboratory,Positive,2026-08-16
1551,"In my experience, the exam provided a reasonable opportunity to demonstrate understanding.",Examination Pattern,Positive,2026-02-24
1552,the teacher follows the course outline for most of the semester.,Teacher Feedback,Neutral,2026-04-21
1553,"For this semester, the lecturer explains concepts clearly and gives useful examples.",Teacher Feedback,Positive,2026-08-03
1554,"Overall, the learning materials cover the required subject areas.",Course Content,Neutral,2026-08-14
1555,there are not enough seats for students during busy periods.,Library Facilities,Negative,2026-08-13
1556,the library environment is quiet and suitable for studying. This could improve the learning experience.,Library Facilities,Positive,2026-05-14
1557,"Overall, the learning materials cover the required subject areas.",Course Content,Neutral,2026-03-25
1558,"For this semester, the library has a comfortable space for students to read.",Library Facilities,Positive,2026-03-02
1559,"Generally, students use the available computers during practical classes. Overall, this is my observation.",Laboratory,Neutral,2026-07-28
1560,"In my experience, the topics are well organised and useful for my studies. This has helped my learning.",Course Content,Positive,2026-03-08
1561,"In my experience, the examination consisted of the required number of questions.",Examination Pattern,Neutral,2026-07-29
1562,"Overall, the practical sessions include demonstrations and exercises.",Laboratory,Neutral,2026-01-23
1563,the examination pattern was appropriate for the course.,Examination Pattern,Positive,2026-05-09
1564,The lecturer explains concepts clearly and gives useful examples.,Teacher Feedback,Positive,2026-07-14
1565,The lecturer is often unavailable when students need clarification.,Teacher Feedback,Negative,2026-01-22
1566,"For this semester, the exam was fair and reflected the course content. This affects students' learning.",Examination Pattern,Positive,2026-06-01
1567,"In my experience, the library provides books for different academic subjects.",Library Facilities,Neutral,2026-09-25
1568,The available resources support my academic work.,Library Facilities,Positive,2026-01-23
1569,"Overall, the available resources support my academic work.",Library Facilities,Positive,2026-08-22
1570,"Overall, the syllabus contains practical and relevant topics.",Course Content,Positive,2026-08-28
1571,the library environment is quiet and suitable for studying.,Library Facilities,Positive,2026-03-29
1572,The available equipment supports the practical requirements of the course.,Laboratory,Positive,2026-04-27
1573,"For this semester, the course content is relevant and covers important concepts. Overall, this is my observation.",Course Content,Positive,2026-02-07
1574,"For this semester, the syllabus contains practical and relevant topics. This affects students' learning.",Course Content,Positive,2026-02-01
1575,"For this semester, the library is available to students during its operating hours. This could improve the learning experience.",Library Facilities,Neutral,2026-07-10
1576,"laboratory sessions are conducted according to the timetable. Overall, this is my observation.",Laboratory,Neutral,2026-07-25
1577,"For this semester, the library provides useful books and learning resources. Overall, this is my observation.",Library Facilities,Positive,2026-04-07
1578,"For this semester, the topics are well organised and useful for my studies.",Course Content,Positive,2026-08-06
1579,"In my experience, the syllabus contains practical and relevant topics.",Course Content,Positive,2026-04-28
1580,The library provides useful books and learning resources. This has helped my learning.,Library Facilities,Positive,2026-02-11
1581,"Generally, the available equipment supports the practical requirements of the course.",Laboratory,Positive,2026-01-31
1582,"The practical sessions include demonstrations and exercises. Overall, this is my observation.",Laboratory,Neutral,2026-10-06
1583,The exam provided a reasonable opportunity to demonstrate understanding.,Examination Pattern,Positive,2026-09-18
1584,"Generally, the questions tested the important concepts covered in class. This has helped my learning.",Examination Pattern,Positive,2026-03-16
1585,The lecturer gives helpful explanations when students have difficulties.,Teacher Feedback,Positive,2026-03-09
1586,The laboratory has useful equipment for practical sessions.,Laboratory,Positive,2026-08-03
1587,the laboratory facilities are adequate for most activities. This has helped my learning.,Laboratory,Positive,2026-01-10
1588,"In my experience, the exam was fair and reflected the course content.",Examination Pattern,Positive,2026-03-18
1589,"Generally, students can use the reading area for academic activities. Overall, this is my observation.",Library Facilities,Neutral,2026-07-22
1590,"Overall, the library provides books for different academic subjects.",Library Facilities,Neutral,2026-07-19
1591,"For this semester, the library provides books for different academic subjects. This could improve the learning experience.",Library Facilities,Neutral,2026-04-11
1592,The internet connection is poor during practical sessions. This affects students' learning.,Laboratory,Negative,2026-04-23
1593,"Overall, the questions tested the important concepts covered in class.",Examination Pattern,Positive,2026-05-19
1594,The library provides useful books and learning resources.,Library Facilities,Positive,2026-03-27
1595,"For this semester, the exam provided a reasonable opportunity to demonstrate understanding.",Examination Pattern,Positive,2026-05-06
1596,The examination time was not enough for the number of questions.,Examination Pattern,Negative,2026-08-05
1597,"The lecturer covers the required topics during the semester. Overall, this is my observation.",Teacher Feedback,Neutral,2026-01-14
1598,"For this semester, the lecturer covers the main topics included in the course outline.",Course Content,Neutral,2026-03-17
1599,"Generally, the exam followed the general format used for the course. This could improve the learning experience.",Examination Pattern,Neutral,2026-07-06
1600,The examination instructions were clear and easy to understand.,Examination Pattern,Positive,2026-05-21
1601,"Overall, the library provides useful books and learning resources.",Library Facilities,Positive,2026-08-22
1602,The library has a comfortable space for students to read.,Library Facilities,Positive,2026-05-04
1603,"Overall, the library provides useful books and learning resources.",Library Facilities,Positive,2026-08-22
1604,The examination instructions were clear and easy to understand. This affects students' learning.,Examination Pattern,Positive,2026-09-12
1605,"Generally, the learning materials cover the required subject areas.",Course Content,Neutral,2026-04-05
1606,"In my experience, the laboratory facilities are adequate for most activities.",Laboratory,Positive,2026-01-22
1607,The library has a comfortable space for students to read.,Library Facilities,Positive,2026-04-01
1608,The available equipment supports the practical requirements of the course. This affects students' learning.,Laboratory,Positive,2026-08-20
1609,"In my experience, the exam was fair and reflected the course content.",Examination Pattern,Positive,2026-06-24
1610,"In my experience, students use the library to read and access academic materials.",Library Facilities,Neutral,2026-05-10
1611,The exam was fair and reflected the course content.,Examination Pattern,Positive,2026-03-08
1612,"For this semester, the topics covered are useful for developing my academic knowledge.",Course Content,Positive,2026-08-25
1613,Students use the available computers during practical classes.,Laboratory,Neutral,2026-08-12
1614,The library provides books for different academic subjects.,Library Facilities,Neutral,2026-03-22
1615,"Generally, the teacher does not provide enough examples during lectures. This could improve the learning experience.",Teacher Feedback,Negative,2026-09-10
1616,some library resources are outdated.,Library Facilities,Negative,2026-05-04
1617,"Overall, the laboratory provides a good environment for hands-on learning.",Laboratory,Positive,2026-10-06
1618,The topics covered are useful for developing my academic knowledge.,Course Content,Positive,2026-07-11
1619,The library resources are helpful when completing assignments.,Library Facilities,Positive,2026-06-30
1620,The syllabus contains practical and relevant topics.,Course Content,Positive,2026-06-18
1621,"The course content is interesting and supports further learning. Overall, this is my observation.",Course Content,Positive,2026-05-12
1622,the examination instructions were clear and easy to understand.,Examination Pattern,Positive,2026-10-03
1623,The library has a comfortable space for students to read.,Library Facilities,Positive,2026-07-13
1624,"Overall, the lecturer covers the required topics during the semester.",Teacher Feedback,Neutral,2026-09-16
1625,The lecturer uses practical examples that make the lessons easy to understand. This affects students' learning.,Teacher Feedback,Positive,2026-03-18
1626,"In my experience, the teaching method is clear, organised and easy to follow. This affects students' learning.",Teacher Feedback,Positive,2026-03-03
1627,"Overall, the laboratory provides computers for scheduled practical sessions.",Laboratory,Neutral,2026-05-31
1628,"Overall, the exam was fair and reflected the course content.",Examination Pattern,Positive,2026-09-16
1629,the laboratory facilities are adequate for most activities.,Laboratory,Positive,2026-07-24
1630,"In my experience, the course content is relevant and covers important concepts.",Course Content,Positive,2026-09-09
1631,The practical sessions help students understand the course better. This could improve the learning experience.,Laboratory,Positive,2026-05-27
1632,"the course materials provide a good understanding of the subject. Overall, this is my observation.",Course Content,Positive,2026-04-29
1633,the teacher uses lectures and class discussions to teach the course.,Teacher Feedback,Neutral,2026-03-14
1634,"Overall, the teacher is approachable and responds well to students' questions.",Teacher Feedback,Positive,2026-05-24
1635,The library resources are helpful when completing assignments.,Library Facilities,Positive,2026-09-06
1636,The teacher is approachable and responds well to students' questions.,Teacher Feedback,Positive,2026-04-10
1637,"For this semester, the teacher uses lectures and class discussions to teach the course. This has helped my learning.",Teacher Feedback,Neutral,2026-03-25
1638,"Generally, the teaching method is clear, organised and easy to follow. This has helped my learning.",Teacher Feedback,Positive,2026-03-29
1639,The available equipment supports the practical requirements of the course. This could improve the learning experience.,Laboratory,Positive,2026-09-10
1640,The course content is presented according to the approved outline.,Course Content,Neutral,2026-04-13
1641,The course content is relevant and covers important concepts.,Course Content,Positive,2026-04-06
1642,the questions tested the important concepts covered in class. This affects students' learning.,Examination Pattern,Positive,2026-03-07
1643,"Overall, the exam included both theoretical and practical questions. This has helped my learning.",Examination Pattern,Neutral,2026-05-27
1644,"The examination instructions were clear and easy to understand. Overall, this is my observation.",Examination Pattern,Positive,2026-05-26
1645,The laboratory does not have enough equipment for all students. This could improve the learning experience.,Laboratory,Negative,2026-06-20
1646,The laboratory provides computers for scheduled practical sessions.,Laboratory,Neutral,2026-03-14
1647,"The lecturer explains concepts clearly and gives useful examples. Overall, this is my observation.",Teacher Feedback,Positive,2026-05-25
1648,"Overall, the teaching activities are conducted according to the timetable.",Teacher Feedback,Neutral,2026-08-24
1649,The topics covered are useful for developing my academic knowledge.,Course Content,Positive,2026-03-23
1650,"For this semester, the examination questions were relevant to the topics taught.",Examination Pattern,Positive,2026-01-23
1651,"For this semester, the questions covered several topics from the course.",Examination Pattern,Neutral,2026-03-09
1652,"In my experience, the questions tested the important concepts covered in class.",Examination Pattern,Positive,2026-03-17
1653,"Generally, the syllabus contains practical and relevant topics.",Course Content,Positive,2026-03-03
1654,"In my experience, the teaching method is clear, organised and easy to follow.",Teacher Feedback,Positive,2026-02-03
1655,The reading area can be too crowded for effective study.,Library Facilities,Negative,2026-04-01
1656,The teacher is approachable and responds well to students' questions.,Teacher Feedback,Positive,2026-08-03
1657,"In my experience, the course content is interesting and supports further learning.",Course Content,Positive,2026-07-05
1658,The library provides access to useful academic materials.,Library Facilities,Positive,2026-06-12
1659,"For this semester, the teaching activities are conducted according to the timetable.",Teacher Feedback,Neutral,2026-08-21
1660,The lecturer covers the main topics included in the course outline.,Course Content,Neutral,2026-02-26
1661,"Overall, the library contains textbooks and other learning materials. This has helped my learning.",Library Facilities,Neutral,2026-03-03
1662,"In my experience, the available resources support my academic work. This could improve the learning experience.",Library Facilities,Positive,2026-06-27
1663,"The examination instructions were clear and easy to understand. Overall, this is my observation.",Examination Pattern,Positive,2026-02-21
1664,"Overall, laboratory sessions are conducted according to the timetable. This affects students' learning.",Laboratory,Neutral,2026-07-08
1665,The available resources support my academic work.,Library Facilities,Positive,2026-04-28
1666,"For this semester, the library has a comfortable space for students to read.",Library Facilities,Positive,2026-07-20
1667,"Generally, the semester covers the major topics in the syllabus. Overall, this is my observation.",Course Content,Neutral,2026-07-23
1668,"Overall, the library provides books for different academic subjects.",Library Facilities,Neutral,2026-02-25
1669,The topics covered are useful for developing my academic knowledge.,Course Content,Positive,2026-01-19
1670,The library provides books for different academic subjects. This has helped my learning.,Library Facilities,Neutral,2026-07-17
1671,"Generally, the library resources are helpful when completing assignments.",Library Facilities,Positive,2026-08-12
1672,The examination pattern was appropriate for the course.,Examination Pattern,Positive,2026-08-31
1673,"Overall, the computers work well during practical classes.",Laboratory,Positive,2026-06-15
1674,"For this semester, the laboratory is used for practical activities related to the course.",Laboratory,Neutral,2026-05-11
1675,"For this semester, the examination instructions were clear and easy to understand.",Examination Pattern,Positive,2026-09-04
1676,"Generally, students use the available computers during practical classes. This has helped my learning.",Laboratory,Neutral,2026-06-07
1677,"In my experience, the course content is interesting and supports further learning.",Course Content,Positive,2026-02-25
1678,The questions tested the important concepts covered in class.,Examination Pattern,Positive,2026-03-08
1679,The topics covered are useful for developing my academic knowledge.,Course Content,Positive,2026-05-14
1680,The exam contained questions from topics that were barely discussed.,Examination Pattern,Negative,2026-06-20
1681,"Overall, the teacher is approachable and responds well to students' questions.",Teacher Feedback,Positive,2026-06-13
1682,The teacher communicates the course topics effectively.,Teacher Feedback,Positive,2026-08-31
1683,Students often have to share computers during laboratory work.,Laboratory,Negative,2026-08-09
1684,Students use the library to read and access academic materials.,Library Facilities,Neutral,2026-06-16
1685,The laboratory provides computers for scheduled practical sessions.,Laboratory,Neutral,2026-03-06
1686,"In my experience, the laboratory provides computers for scheduled practical sessions.",Laboratory,Neutral,2026-07-01
1687,The teacher communicates the course topics effectively.,Teacher Feedback,Positive,2026-01-19
1688,"Generally, the examination pattern was appropriate for the course.",Examination Pattern,Positive,2026-07-20
1689,"The teaching method is clear, organised and easy to follow. This could improve the learning experience.",Teacher Feedback,Positive,2026-05-18
1690,The laboratory provides a good environment for hands-on learning. This could improve the learning experience.,Laboratory,Positive,2026-03-18
1691,Students can use the reading area for academic activities.,Library Facilities,Neutral,2026-08-20
1692,"Overall, the course content is relevant and covers important concepts.",Course Content,Positive,2026-05-26
1693,the computers work well during practical classes.,Laboratory,Positive,2026-06-13
1694,"For this semester, the course content is relevant and covers important concepts.",Course Content,Positive,2026-05-24
1695,the library has a comfortable space for students to read.,Library Facilities,Positive,2026-05-07
1696,The exam included both theoretical and practical questions.,Examination Pattern,Neutral,2026-09-19
1697,"For this semester, the computers work well during practical classes. This could improve the learning experience.",Laboratory,Positive,2026-04-23
1698,"For this semester, the computers work well during practical classes.",Laboratory,Positive,2026-03-21
1699,the examination contained questions from different parts of the syllabus.,Examination Pattern,Neutral,2026-10-02
1700,The exam included both theoretical and practical questions.,Examination Pattern,Neutral,2026-08-22
1701,"In my experience, the teaching method is clear, organised and easy to follow.",Teacher Feedback,Positive,2026-08-14
1702,Students are assigned laboratory tasks during the semester. This affects students' learning.,Laboratory,Neutral,2026-04-30
1703,"In my experience, the questions tested the important concepts covered in class.",Examination Pattern,Positive,2026-03-06
1704,the examination instructions were clear and easy to understand.,Examination Pattern,Positive,2026-04-21
1705,The available equipment supports the practical requirements of the course.,Laboratory,Positive,2026-10-05
1706,Students are assigned laboratory tasks during the semester.,Laboratory,Neutral,2026-04-14
1707,"Overall, the laboratory provides a good environment for hands-on learning.",Laboratory,Positive,2026-06-04
1708,The course content is relevant and covers important concepts.,Course Content,Positive,2026-06-28
1709,"Overall, the laboratory provides a good environment for hands-on learning.",Laboratory,Positive,2026-04-07
1710,The topics are well organised and useful for my studies.,Course Content,Positive,2026-07-22
1711,"Generally, the library environment is quiet and suitable for studying.",Library Facilities,Positive,2026-07-02
1712,The course materials provide a good understanding of the subject.,Course Content,Positive,2026-02-26
1713,the lecturer gives helpful explanations when students have difficulties.,Teacher Feedback,Positive,2026-06-10
1714,The practical sessions include demonstrations and exercises.,Laboratory,Neutral,2026-08-07
1715,"For this semester, the teaching method is clear, organised and easy to follow.",Teacher Feedback,Positive,2026-05-11
1716,The laboratory does not have enough equipment for all students.,Laboratory,Negative,2026-05-29
1717,"Generally, the examination questions were relevant to the topics taught.",Examination Pattern,Positive,2026-09-13
1718,"In my experience, the library provides books for different academic subjects.",Library Facilities,Neutral,2026-08-15
1719,The lecturer gives helpful explanations when students have difficulties.,Teacher Feedback,Positive,2026-10-06
1720,The teacher communicates the course topics effectively.,Teacher Feedback,Positive,2026-03-06
1721,"The practical sessions help students understand the course better. Overall, this is my observation.",Laboratory,Positive,2026-09-16
1722,The teacher communicates the course topics effectively.,Teacher Feedback,Positive,2026-02-21
1723,"Generally, some topics are difficult because the course materials are incomplete.",Course Content,Negative,2026-05-23
1724,"In my experience, the teacher communicates the course topics effectively.",Teacher Feedback,Positive,2026-01-30
1725,The lecturer uses practical examples that make the lessons easy to understand.,Teacher Feedback,Positive,2026-06-30
1726,"In my experience, the laboratory has useful equipment for practical sessions.",Laboratory,Positive,2026-02-07
1727,"Overall, the lecturer gives helpful explanations when students have difficulties. Overall, this is my observation.",Teacher Feedback,Positive,2026-04-04
1728,The laboratory provides computers for scheduled practical sessions.,Laboratory,Neutral,2026-08-07
1729,"For this semester, the laboratory does not have enough equipment for all students. This could improve the learning experience.",Laboratory,Negative,2026-06-12
1730,The lecturer provides explanations and examples during classes.,Teacher Feedback,Neutral,2026-08-02
1731,The syllabus contains topics that are not explained sufficiently.,Course Content,Negative,2026-08-08
1732,"Generally, students use the library to read and access academic materials. This affects students' learning.",Library Facilities,Neutral,2026-02-21
1733,The topics covered are useful for developing my academic knowledge.,Course Content,Positive,2026-05-15
1734,The library provides access to useful academic materials.,Library Facilities,Positive,2026-03-24
1735,The library has a comfortable space for students to read.,Library Facilities,Positive,2026-02-20
1736,"For this semester, the learning materials cover the required subject areas.",Course Content,Neutral,2026-05-02
1737,The course content needs to be updated to include current examples.,Course Content,Negative,2026-04-27
1738,"Overall, the examination questions were relevant to the topics taught. This could improve the learning experience.",Examination Pattern,Positive,2026-04-30
1739,"For this semester, students use the library to read and access academic materials. Overall, this is my observation.",Library Facilities,Neutral,2026-03-28
1740,"For this semester, the laboratory facilities are adequate for most activities.",Laboratory,Positive,2026-09-17
1741,the computers work well during practical classes.,Laboratory,Positive,2026-06-08
1742,"The course materials provide a good understanding of the subject. Overall, this is my observation.",Course Content,Positive,2026-06-04
1743,"Overall, the internet connection is poor during practical sessions. This has helped my learning.",Laboratory,Negative,2026-06-30
1744,"The lecturer provides explanations and examples during classes. Overall, this is my observation.",Teacher Feedback,Neutral,2026-04-12
1745,"For this semester, the course materials provide a good understanding of the subject.",Course Content,Positive,2026-03-14
1746,"Overall, the examination questions were relevant to the topics taught.",Examination Pattern,Positive,2026-01-10
1747,laboratory sessions are conducted according to the timetable.,Laboratory,Neutral,2026-06-03
1748,Laboratory sessions are conducted according to the timetable.,Laboratory,Neutral,2026-02-18
1749,"Generally, the examination instructions were unclear.",Examination Pattern,Negative,2026-03-19
1750,"The teaching method is clear, organised and easy to follow.",Teacher Feedback,Positive,2026-06-09
1751,the lecturer is often unavailable when students need clarification.,Teacher Feedback,Negative,2026-01-19
1752,the topics are well organised and useful for my studies. This affects students' learning.,Course Content,Positive,2026-05-23
1753,The laboratory environment makes practical classes difficult.,Laboratory,Negative,2026-06-04
1754,The questions tested the important concepts covered in class. This affects students' learning.,Examination Pattern,Positive,2026-07-26
1755,The lecturer covers the main topics included in the course outline.,Course Content,Neutral,2026-06-01
1756,"In my experience, the topics are well organised and useful for my studies.",Course Content,Positive,2026-07-01
1757,The laboratory facilities are adequate for most activities.,Laboratory,Positive,2026-09-30
1758,"For this semester, the exam pattern did not reflect what was taught in class.",Examination Pattern,Negative,2026-03-01
1759,Students use the library to read and access academic materials.,Library Facilities,Neutral,2026-04-15
1760,"Overall, the exam followed the general format used for the course.",Examination Pattern,Neutral,2026-06-21
1761,"For this semester, the exam followed the general format used for the course. This has helped my learning.",Examination Pattern,Neutral,2026-08-04
1762,The examination pattern was appropriate for the course.,Examination Pattern,Positive,2026-03-05
1763,The library resources are helpful when completing assignments.,Library Facilities,Positive,2026-07-31
1764,The lecturer is often unavailable when students need clarification.,Teacher Feedback,Negative,2026-10-05
1765,"Generally, the practical sessions help students understand the course better. Overall, this is my observation.",Laboratory,Positive,2026-03-27
1766,"In my experience, the teacher communicates the course topics effectively.",Teacher Feedback,Positive,2026-02-03
1767,"For this semester, the course content is interesting and supports further learning.",Course Content,Positive,2026-07-13
1768,The library resources are helpful when completing assignments.,Library Facilities,Positive,2026-09-06
1769,The practical sessions help students understand the course better.,Laboratory,Positive,2026-04-05
1770,The exam was fair and reflected the course content.,Examination Pattern,Positive,2026-04-23
1771,The lecturer gives helpful explanations when students have difficulties. This could improve the learning experience.,Teacher Feedback,Positive,2026-07-18
1772,"The lecturer is often unavailable when students need clarification. Overall, this is my observation.",Teacher Feedback,Negative,2026-05-26
1773,"Generally, the learning materials cover the required subject areas.",Course Content,Neutral,2026-07-20
1774,the library contains textbooks and other learning materials. This affects students' learning.,Library Facilities,Neutral,2026-08-12
1775,The lecturer covers the main topics included in the course outline.,Course Content,Neutral,2026-04-02
1776,The teacher communicates the course topics effectively.,Teacher Feedback,Positive,2026-07-09
1777,"For this semester, students use the library to read and access academic materials. This could improve the learning experience.",Library Facilities,Neutral,2026-10-01
1778,"Generally, the library environment is quiet and suitable for studying. This affects students' learning.",Library Facilities,Positive,2026-01-14
1779,the computers work well during practical classes. This affects students' learning.,Laboratory,Positive,2026-04-11
1780,"Overall, the exam included both theoretical and practical questions. This affects students' learning.",Examination Pattern,Neutral,2026-01-13
1781,The library provides useful books and learning resources.,Library Facilities,Positive,2026-07-20
1782,Some important topics are not covered in the course.,Course Content,Negative,2026-05-31
1783,"For this semester, the lecturer gives helpful explanations when students have difficulties. Overall, this is my observation.",Teacher Feedback,Positive,2026-03-14
1784,The examination pattern was appropriate for the course.,Examination Pattern,Positive,2026-08-20
1785,"Overall, the teaching activities are conducted according to the timetable. This has helped my learning.",Teacher Feedback,Neutral,2026-01-14
1786,"Overall, students can use the reading area for academic activities.",Library Facilities,Neutral,2026-01-28
1787,The lecturer gives helpful explanations when students have difficulties.,Teacher Feedback,Positive,2026-03-15
1788,"Generally, the library contains textbooks and other learning materials.",Library Facilities,Neutral,2026-04-05
1789,"Generally, the syllabus contains practical and relevant topics. Overall, this is my observation.",Course Content,Positive,2026-06-22
1790,"Generally, the available resources support my academic work. This has helped my learning.",Library Facilities,Positive,2026-07-31
1791,"For this semester, many useful books are unavailable in the library. This affects students' learning.",Library Facilities,Negative,2026-09-01
1792,"In my experience, the available equipment supports the practical requirements of the course.",Laboratory,Positive,2026-06-24
1793,"The teaching method is clear, organised and easy to follow.",Teacher Feedback,Positive,2026-05-26
1794,"For this semester, the library has a comfortable space for students to read.",Library Facilities,Positive,2026-09-25
1795,"For this semester, students use the library to read and access academic materials.",Library Facilities,Neutral,2026-04-15
1796,"In my experience, the teacher communicates the course topics effectively.",Teacher Feedback,Positive,2026-08-08
1797,"In my experience, the library needs better internet access for academic research.",Library Facilities,Negative,2026-06-30
1798,the course content is presented according to the approved outline.,Course Content,Neutral,2026-01-15
1799,The lecturer moves through lessons too quickly. This affects students' learning.,Teacher Feedback,Negative,2026-03-08
1800,The teacher communicates the course topics effectively.,Teacher Feedback,Positive,2026-07-26
1801,"For this semester, the teacher is approachable and responds well to students' questions. This has helped my learning.",Teacher Feedback,Positive,2026-05-04
1802,the teacher rarely responds to students' questions. This could improve the learning experience.,Teacher Feedback,Negative,2026-09-02
1803,The laboratory provides a good environment for hands-on learning.,Laboratory,Positive,2026-06-16
1804,"In my experience, the teaching method makes some topics difficult to understand.",Teacher Feedback,Negative,2026-09-06
1805,"Generally, the course content is relevant and covers important concepts.",Course Content,Positive,2026-10-05
1806,"the computers work well during practical classes. Overall, this is my observation.",Laboratory,Positive,2026-06-14
1807,The library is available to students during its operating hours.,Library Facilities,Neutral,2026-01-25
1808,The laboratory provides a good environment for hands-on learning. This affects students' learning.,Laboratory,Positive,2026-01-24
1809,The laboratory provides a good environment for hands-on learning.,Laboratory,Positive,2026-01-16
1810,"For this semester, the examination instructions were clear and easy to understand.",Examination Pattern,Positive,2026-01-28
1811,The library environment is quiet and suitable for studying.,Library Facilities,Positive,2026-01-20
1812,"The course content is presented according to the approved outline. Overall, this is my observation.",Course Content,Neutral,2026-07-24
1813,"Overall, the exam included both theoretical and practical questions.",Examination Pattern,Neutral,2026-07-17
1814,"Generally, the syllabus contains topics that are not explained sufficiently.",Course Content,Negative,2026-04-06
1815,"In my experience, the lecturer gives helpful explanations when students have difficulties.",Teacher Feedback,Positive,2026-08-28
1816,The exam was fair and reflected the course content. This has helped my learning.,Examination Pattern,Positive,2026-09-22
1817,the lecturer gives helpful explanations when students have difficulties.,Teacher Feedback,Positive,2026-04-01
1818,The course follows the topics listed in the syllabus.,Course Content,Neutral,2026-08-08
1819,the laboratory does not have enough equipment for all students.,Laboratory,Negative,2026-08-07
1820,Students use the library to read and access academic materials. This affects students' learning.,Library Facilities,Neutral,2026-08-08
1821,The teacher follows the course outline for most of the semester. This affects students' learning.,Teacher Feedback,Neutral,2026-03-25
1822,"Generally, the course follows the topics listed in the syllabus.",Course Content,Neutral,2026-03-02
1823,"For this semester, the library resources are helpful when completing assignments.",Library Facilities,Positive,2026-09-17
1824,"For this semester, the lecturer gives helpful explanations when students have difficulties. This could improve the learning experience.",Teacher Feedback,Positive,2026-07-24
1825,"Generally, the teacher rarely responds to students' questions. Overall, this is my observation.",Teacher Feedback,Negative,2026-03-14
1826,The library provides a space for individual study.,Library Facilities,Neutral,2026-07-23
1827,students often have to share computers during laboratory work.,Laboratory,Negative,2026-03-12
1828,the library provides books for different academic subjects. This has helped my learning.,Library Facilities,Neutral,2026-04-22
1829,The teacher is approachable and responds well to students' questions.,Teacher Feedback,Positive,2026-09-01
1830,"For this semester, the library provides access to useful academic materials.",Library Facilities,Positive,2026-05-21
1831,The library resources are helpful when completing assignments. This affects students' learning.,Library Facilities,Positive,2026-06-07
1832,The library resources are helpful when completing assignments.,Library Facilities,Positive,2026-09-13
1833,The laboratory is used for practical activities related to the course. This affects students' learning.,Laboratory,Neutral,2026-04-11
1834,"For this semester, the lecturer gives helpful explanations when students have difficulties.",Teacher Feedback,Positive,2026-08-31
1835,"The teaching method is clear, organised and easy to follow.",Teacher Feedback,Positive,2026-04-09
1836,The syllabus contains topics that are not explained sufficiently. This could improve the learning experience.,Course Content,Negative,2026-09-07
1837,The library provides books for different academic subjects. This has helped my learning.,Library Facilities,Neutral,2026-09-15
1838,"For this semester, the available equipment supports the practical requirements of the course.",Laboratory,Positive,2026-08-20
1839,"Generally, the topics are well organised and useful for my studies. This affects students' learning.",Course Content,Positive,2026-01-24
1840,The computers work well during practical classes.,Laboratory,Positive,2026-01-27
1841,the lecturer gives helpful explanations when students have difficulties.,Teacher Feedback,Positive,2026-07-13
1842,"Overall, the course content is relevant and covers important concepts.",Course Content,Positive,2026-07-08
1843,"the teaching method is clear, organised and easy to follow.",Teacher Feedback,Positive,2026-08-21
1844,"The available resources support my academic work. Overall, this is my observation.",Library Facilities,Positive,2026-08-25
1845,The computers work well during practical classes.,Laboratory,Positive,2026-04-19
1846,"Generally, the course content is relevant and covers important concepts.",Course Content,Positive,2026-02-02
1847,"Overall, the syllabus contains practical and relevant topics.",Course Content,Positive,2026-06-13
1848,The teacher does not provide enough examples during lectures. This affects students' learning.,Teacher Feedback,Negative,2026-07-22
1849,The library provides access to useful academic materials.,Library Facilities,Positive,2026-08-03
1850,"Generally, the examination questions were relevant to the topics taught.",Examination Pattern,Positive,2026-02-22
1851,Many computers in the laboratory are not working properly.,Laboratory,Negative,2026-06-28
1852,"In my experience, the course content is interesting and supports further learning. Overall, this is my observation.",Course Content,Positive,2026-03-08
1853,"For this semester, the computers work well during practical classes.",Laboratory,Positive,2026-07-23
1854,The examination questions were relevant to the topics taught.,Examination Pattern,Positive,2026-03-11
1855,"In my experience, the questions tested the important concepts covered in class. Overall, this is my observation.",Examination Pattern,Positive,2026-03-20
1856,The library provides useful books and learning resources.,Library Facilities,Positive,2026-05-17
1857,"In my experience, the teacher does not provide enough examples during lectures.",Teacher Feedback,Negative,2026-01-18
1858,The course materials provide a good understanding of the subject.,Course Content,Positive,2026-09-18
1859,"Generally, the course materials provide a good understanding of the subject.",Course Content,Positive,2026-07-17
1860,The teacher communicates the course topics effectively.,Teacher Feedback,Positive,2026-02-20
1861,"In my experience, the examination instructions were clear and easy to understand.",Examination Pattern,Positive,2026-03-11
1862,The course contains theoretical and practical topics. This affects students' learning.,Course Content,Neutral,2026-09-24
1863,"Generally, the lecturer explains concepts clearly and gives useful examples.",Teacher Feedback,Positive,2026-02-16
1864,"Generally, the examination pattern was appropriate for the course.",Examination Pattern,Positive,2026-09-13
1865,"Overall, the questions covered several topics from the course.",Examination Pattern,Neutral,2026-06-13
1866,The examination consisted of the required number of questions.,Examination Pattern,Neutral,2026-08-20
1867,"Generally, the examination questions were relevant to the topics taught.",Examination Pattern,Positive,2026-06-28
1868,"For this semester, the lecturer is often unavailable when students need clarification.",Teacher Feedback,Negative,2026-01-16
1869,"Generally, the exam was fair and reflected the course content.",Examination Pattern,Positive,2026-09-29
1870,"For this semester, the questions covered several topics from the course.",Examination Pattern,Neutral,2026-01-23
1871,The lecturer gives helpful explanations when students have difficulties.,Teacher Feedback,Positive,2026-05-02
1872,"The teacher follows the course outline for most of the semester. Overall, this is my observation.",Teacher Feedback,Neutral,2026-03-30
1873,"In my experience, the course materials provide a good understanding of the subject.",Course Content,Positive,2026-07-30
1874,Some library resources are outdated. This has helped my learning.,Library Facilities,Negative,2026-09-17
1875,"In my experience, the lecturer provides explanations and examples during classes.",Teacher Feedback,Neutral,2026-04-15
1876,"The examination consisted of the required number of questions. Overall, this is my observation.",Examination Pattern,Neutral,2026-05-20
1877,"In my experience, the laboratory provides computers for scheduled practical sessions. Overall, this is my observation.",Laboratory,Neutral,2026-09-24
1878,The reading area can be too crowded for effective study. This has helped my learning.,Library Facilities,Negative,2026-03-28
1879,"Overall, the teaching method is clear, organised and easy to follow.",Teacher Feedback,Positive,2026-02-11
1880,"Overall, the topics covered are useful for developing my academic knowledge. This could improve the learning experience.",Course Content,Positive,2026-06-28
1881,"In my experience, the teacher communicates the course topics effectively.",Teacher Feedback,Positive,2026-05-29
1882,"For this semester, the topics are well organised and useful for my studies.",Course Content,Positive,2026-02-12
1883,The teacher rarely responds to students' questions. This could improve the learning experience.,Teacher Feedback,Negative,2026-06-28
1884,The laboratory facilities are adequate for most activities.,Laboratory,Positive,2026-01-15
1885,The exam was fair and reflected the course content.,Examination Pattern,Positive,2026-06-28
1886,The examination questions were relevant to the topics taught. This affects students' learning.,Examination Pattern,Positive,2026-07-10
1887,"Overall, the course contains theoretical and practical topics. This has helped my learning.",Course Content,Neutral,2026-08-13
1888,"In my experience, the library does not have enough current textbooks.",Library Facilities,Negative,2026-02-09
1889,The syllabus contains practical and relevant topics.,Course Content,Positive,2026-09-02
1890,The lecturer covers the main topics included in the course outline.,Course Content,Neutral,2026-09-09
1891,The questions tested the important concepts covered in class. This affects students' learning.,Examination Pattern,Positive,2026-03-28
1892,"The laboratory provides a good environment for hands-on learning. Overall, this is my observation.",Laboratory,Positive,2026-02-28
1893,"For this semester, the teacher is approachable and responds well to students' questions.",Teacher Feedback,Positive,2026-04-12
1894,"The lecturer explains concepts clearly and gives useful examples. Overall, this is my observation.",Teacher Feedback,Positive,2026-03-26
1895,"Overall, some important topics are not covered in the course.",Course Content,Negative,2026-03-16
1896,"In my experience, the exam was fair and reflected the course content.",Examination Pattern,Positive,2026-07-09
1897,Students use the available computers during practical classes.,Laboratory,Neutral,2026-04-21
1898,The library environment is quiet and suitable for studying. This has helped my learning.,Library Facilities,Positive,2026-04-05
1899,"Generally, the lecturer covers the required topics during the semester.",Teacher Feedback,Neutral,2026-06-11
1900,The teacher does not provide enough examples during lectures.,Teacher Feedback,Negative,2026-08-07
1901,"Overall, the reading area can be too crowded for effective study.",Library Facilities,Negative,2026-04-26
1902,The course content is interesting and supports further learning.,Course Content,Positive,2026-05-15
1903,Laboratory sessions are conducted according to the timetable.,Laboratory,Neutral,2026-05-18
1904,The lecturer explains concepts clearly and gives useful examples.,Teacher Feedback,Positive,2026-03-18
1905,The library provides access to useful academic materials.,Library Facilities,Positive,2026-05-19
1906,The teacher communicates the course topics effectively. This affects students' learning.,Teacher Feedback,Positive,2026-03-09
1907,"The course content is interesting and supports further learning. Overall, this is my observation.",Course Content,Positive,2026-01-23
1908,"Generally, the library provides useful books and learning resources. Overall, this is my observation.",Library Facilities,Positive,2026-09-17
1909,the library provides access to useful academic materials.,Library Facilities,Positive,2026-01-22
1910,"Generally, the teacher uses lectures and class discussions to teach the course.",Teacher Feedback,Neutral,2026-09-12
1911,the syllabus contains topics that are not explained sufficiently. This could improve the learning experience.,Course Content,Negative,2026-01-27
1912,"For this semester, the teacher communicates the course topics effectively.",Teacher Feedback,Positive,2026-06-21
1913,"Generally, the examination questions were relevant to the topics taught.",Examination Pattern,Positive,2026-06-23
1914,The laboratory has useful equipment for practical sessions.,Laboratory,Positive,2026-05-20
1915,The examination instructions were clear and easy to understand. This could improve the learning experience.,Examination Pattern,Positive,2026-04-12
1916,students use the library to read and access academic materials.,Library Facilities,Neutral,2026-08-05
1917,"For this semester, the exam was fair and reflected the course content.",Examination Pattern,Positive,2026-03-29
1918,"For this semester, the exam pattern did not reflect what was taught in class.",Examination Pattern,Negative,2026-02-17
1919,"In my experience, the course content is interesting and supports further learning. This affects students' learning.",Course Content,Positive,2026-08-28
1920,"In my experience, the examination questions were relevant to the topics taught.",Examination Pattern,Positive,2026-03-25
1921,The library needs better internet access for academic research.,Library Facilities,Negative,2026-03-29
1922,The learning materials cover the required subject areas.,Course Content,Neutral,2026-06-12
1923,The library resources are helpful when completing assignments. This has helped my learning.,Library Facilities,Positive,2026-02-14
1924,The topics covered are useful for developing my academic knowledge.,Course Content,Positive,2026-02-03
1925,The topics are well organised and useful for my studies.,Course Content,Positive,2026-07-28
1926,"In my experience, the exam pattern did not reflect what was taught in class. This could improve the learning experience.",Examination Pattern,Negative,2026-07-21
1927,the library resources are helpful when completing assignments.,Library Facilities,Positive,2026-04-25
1928,"Overall, the laboratory provides a good environment for hands-on learning.",Laboratory,Positive,2026-04-16
1929,The library provides useful books and learning resources.,Library Facilities,Positive,2026-06-05
1930,The examination instructions were unclear. This could improve the learning experience.,Examination Pattern,Negative,2026-01-24
1931,"In my experience, the laboratory facilities are adequate for most activities.",Laboratory,Positive,2026-05-03
1932,The examination pattern was appropriate for the course.,Examination Pattern,Positive,2026-02-27
1933,The practical sessions help students understand the course better.,Laboratory,Positive,2026-06-08
1934,the laboratory has useful equipment for practical sessions. This affects students' learning.,Laboratory,Positive,2026-02-11
1935,Some laboratory equipment is outdated.,Laboratory,Negative,2026-08-26
1936,"In my experience, the computers work well during practical classes. This could improve the learning experience.",Laboratory,Positive,2026-10-04
1937,The reading area can be too crowded for effective study.,Library Facilities,Negative,2026-08-26
1938,"In my experience, there are not enough seats for students during busy periods. Overall, this is my observation.",Library Facilities,Negative,2026-05-11
1939,"In my experience, the questions tested the important concepts covered in class. Overall, this is my observation.",Examination Pattern,Positive,2026-02-04
1940,The course content is interesting and supports further learning.,Course Content,Positive,2026-07-10
1941,"For this semester, the available equipment supports the practical requirements of the course.",Laboratory,Positive,2026-03-22
1942,"Overall, the available equipment supports the practical requirements of the course.",Laboratory,Positive,2026-10-04
1943,The course materials provide a good understanding of the subject.,Course Content,Positive,2026-03-02
1944,"Overall, the library resources are helpful when completing assignments. This could improve the learning experience.",Library Facilities,Positive,2026-03-28
1945,"Generally, the examination instructions were unclear.",Examination Pattern,Negative,2026-04-11
1946,"Overall, the library provides access to useful academic materials.",Library Facilities,Positive,2026-04-02
1947,"In my experience, the teaching method makes some topics difficult to understand.",Teacher Feedback,Negative,2026-04-08
1948,the learning materials cover the required subject areas.,Course Content,Neutral,2026-02-01
1949,"Overall, the laboratory environment makes practical classes difficult.",Laboratory,Negative,2026-07-14
1950,the laboratory facilities are adequate for most activities. This affects students' learning.,Laboratory,Positive,2026-01-21
1951,"Overall, the topics covered are useful for developing my academic knowledge.",Course Content,Positive,2026-06-08
1952,the questions tested the important concepts covered in class.,Examination Pattern,Positive,2026-05-02
1953,"For this semester, the library has a comfortable space for students to read.",Library Facilities,Positive,2026-03-31
1954,"The exam was fair and reflected the course content. Overall, this is my observation.",Examination Pattern,Positive,2026-09-01
1955,The library has a comfortable space for students to read.,Library Facilities,Positive,2026-04-14
1956,"In my experience, students use the available computers during practical classes.",Laboratory,Neutral,2026-08-10
1957,The topics covered are useful for developing my academic knowledge.,Course Content,Positive,2026-02-28
1958,"For this semester, the library provides access to useful academic materials.",Library Facilities,Positive,2026-07-17
1959,The available resources support my academic work.,Library Facilities,Positive,2026-09-23
1960,"For this semester, the library needs better internet access for academic research.",Library Facilities,Negative,2026-04-08
1961,Many useful books are unavailable in the library.,Library Facilities,Negative,2026-09-28
1962,"Generally, the laboratory provides computers for scheduled practical sessions.",Laboratory,Neutral,2026-01-23
1963,The lecturer explains concepts clearly and gives useful examples.,Teacher Feedback,Positive,2026-04-30
1964,"Overall, the examination questions were relevant to the topics taught.",Examination Pattern,Positive,2026-08-21
1965,"The laboratory facilities are adequate for most activities. Overall, this is my observation.",Laboratory,Positive,2026-09-04
1966,"Overall, the examination consisted of the required number of questions.",Examination Pattern,Neutral,2026-07-12
1967,There is too much theory and not enough practical content. This could improve the learning experience.,Course Content,Negative,2026-05-30
1968,"Generally, the teaching activities are conducted according to the timetable. This has helped my learning.",Teacher Feedback,Neutral,2026-10-03
1969,The questions tested the important concepts covered in class.,Examination Pattern,Positive,2026-01-24
1970,"Overall, the syllabus contains practical and relevant topics.",Course Content,Positive,2026-08-13
1971,"Overall, the lecturer covers the required topics during the semester.",Teacher Feedback,Neutral,2026-05-26
1972,"In my experience, the library provides useful books and learning resources.",Library Facilities,Positive,2026-03-15
1973,The library is available to students during its operating hours.,Library Facilities,Neutral,2026-05-20
1974,The library has a comfortable space for students to read.,Library Facilities,Positive,2026-06-26
1975,"In my experience, the topics covered are useful for developing my academic knowledge.",Course Content,Positive,2026-04-04
1976,"Overall, the lecturer uses practical examples that make the lessons easy to understand.",Teacher Feedback,Positive,2026-07-10
1977,The available resources support my academic work. This has helped my learning.,Library Facilities,Positive,2026-08-17
1978,Some examination questions were confusing. This could improve the learning experience.,Examination Pattern,Negative,2026-09-02
1979,"In my experience, the lecturer explains concepts clearly and gives useful examples.",Teacher Feedback,Positive,2026-09-02
1980,"In my experience, the reading area can be too crowded for effective study. This could improve the learning experience.",Library Facilities,Negative,2026-02-22
1981,The course content is relevant and covers important concepts.,Course Content,Positive,2026-04-01
1982,"the teacher uses lectures and class discussions to teach the course. Overall, this is my observation.",Teacher Feedback,Neutral,2026-09-06
1983,"In my experience, the course content is interesting and supports further learning.",Course Content,Positive,2026-08-18
1984,"For this semester, the available equipment supports the practical requirements of the course.",Laboratory,Positive,2026-01-24
1985,The computers work well during practical classes.,Laboratory,Positive,2026-07-23
1986,"In my experience, some laboratory equipment is outdated.",Laboratory,Negative,2026-10-04
1987,The teacher is approachable and responds well to students' questions.,Teacher Feedback,Positive,2026-03-21
1988,"In my experience, the library environment is quiet and suitable for studying.",Library Facilities,Positive,2026-07-17
1989,"For this semester, the library provides access to useful academic materials.",Library Facilities,Positive,2026-02-01
1990,The library provides access to useful academic materials. This has helped my learning.,Library Facilities,Positive,2026-09-25
1991,The examination pattern was appropriate for the course. This affects students' learning.,Examination Pattern,Positive,2026-10-06
1992,The syllabus contains practical and relevant topics.,Course Content,Positive,2026-03-07
1993,The computers work well during practical classes.,Laboratory,Positive,2026-09-13
1994,The exam was fair and reflected the course content.,Examination Pattern,Positive,2026-09-25
1995,"Overall, the laboratory does not have enough equipment for all students.",Laboratory,Negative,2026-06-23
1996,"In my experience, the laboratory environment makes practical classes difficult. This could improve the learning experience.",Laboratory,Negative,2026-09-12
1997,The lecturer provides explanations and examples during classes. This affects students' learning.,Teacher Feedback,Neutral,2026-08-06
1998,"The teaching method is clear, organised and easy to follow.",Teacher Feedback,Positive,2026-05-26
1999,The topics covered are useful for developing my academic knowledge.,Course Content,Positive,2026-09-21
2000,"In my experience, the lecturer uses practical examples that make the lessons easy to understand.",Teacher Feedback,Positive,2026-03-14
2001,"The teaching method is clear, organised and easy to follow.",Teacher Feedback,Positive,2026-01-24
2002,The topics are well organised and useful for my studies.,Course Content,Positive,2026-03-16
2003,The examination questions were relevant to the topics taught. This could improve the learning experience.,Examination Pattern,Positive,2026-09-20
2004,The course content is interesting and supports further learning. This could improve the learning experience.,Course Content,Positive,2026-05-01
2005,The exam provided a reasonable opportunity to demonstrate understanding.,Examination Pattern,Positive,2026-01-16
2006,"For this semester, students use the available computers during practical classes.",Laboratory,Neutral,2026-04-22
2007,The teacher communicates the course topics effectively.,Teacher Feedback,Positive,2026-03-28
2008,"Generally, the topics covered are useful for developing my academic knowledge.",Course Content,Positive,2026-09-08
2009,"For this semester, the lecturer provides explanations and examples during classes.",Teacher Feedback,Neutral,2026-03-02
2010,"In my experience, the examination consisted of the required number of questions.",Examination Pattern,Neutral,2026-10-03
2011,"Overall, the lecturer gives helpful explanations when students have difficulties.",Teacher Feedback,Positive,2026-06-03
2012,"Generally, the lecturer uses practical examples that make the lessons easy to understand.",Teacher Feedback,Positive,2026-06-29
2013,"The topics covered are useful for developing my academic knowledge. Overall, this is my observation.",Course Content,Positive,2026-08-17
2014,The practical sessions help students understand the course better.,Laboratory,Positive,2026-09-09
2015,The available equipment supports the practical requirements of the course.,Laboratory,Positive,2026-02-06
2016,The library provides useful books and learning resources.,Library Facilities,Positive,2026-05-07
2017,"For this semester, students are assigned laboratory tasks during the semester.",Laboratory,Neutral,2026-03-15
2018,The available equipment supports the practical requirements of the course.,Laboratory,Positive,2026-03-09
2019,The practical sessions help students understand the course better.,Laboratory,Positive,2026-03-29
2020,The reading area can be too crowded for effective study.,Library Facilities,Negative,2026-02-10
2021,"In my experience, students use the available computers during practical classes. This affects students' learning.",Laboratory,Neutral,2026-03-10
2022,The library is available to students during its operating hours.,Library Facilities,Neutral,2026-06-28
2023,some library resources are outdated.,Library Facilities,Negative,2026-08-27
2024,"Generally, the teaching method makes some topics difficult to understand.",Teacher Feedback,Negative,2026-08-23
2025,the teacher uses lectures and class discussions to teach the course.,Teacher Feedback,Neutral,2026-03-15
2026,the teaching method makes some topics difficult to understand.,Teacher Feedback,Negative,2026-04-12
2027,"For this semester, the examination pattern was appropriate for the course. This has helped my learning.",Examination Pattern,Positive,2026-07-07
2028,The laboratory provides a good environment for hands-on learning.,Laboratory,Positive,2026-06-29
2029,"In my experience, there are not enough seats for students during busy periods.",Library Facilities,Negative,2026-01-22
2030,The available resources support my academic work. This has helped my learning.,Library Facilities,Positive,2026-10-01
2031,The exam followed the general format used for the course. This could improve the learning experience.,Examination Pattern,Neutral,2026-04-22
2032,"Overall, the library environment is quiet and suitable for studying.",Library Facilities,Positive,2026-08-10
2033,The practical sessions help students understand the course better.,Laboratory,Positive,2026-04-20
2034,"In my experience, the lecturer gives helpful explanations when students have difficulties.",Teacher Feedback,Positive,2026-03-26
2035,The exam was fair and reflected the course content. This has helped my learning.,Examination Pattern,Positive,2026-07-26
2036,The library provides access to useful academic materials.,Library Facilities,Positive,2026-04-27
2037,"Generally, the course content needs to be updated to include current examples.",Course Content,Negative,2026-06-04
2038,The library is available to students during its operating hours.,Library Facilities,Neutral,2026-06-06
2039,The library provides useful books and learning resources.,Library Facilities,Positive,2026-04-13
2040,"Overall, the exam followed the general format used for the course.",Examination Pattern,Neutral,2026-09-11
2041,"Overall, the library provides useful books and learning resources.",Library Facilities,Positive,2026-09-22
2042,"In my experience, the teaching method is clear, organised and easy to follow.",Teacher Feedback,Positive,2026-07-09
2043,"Generally, the laboratory provides a good environment for hands-on learning.",Laboratory,Positive,2026-05-14
2044,The examination instructions were clear and easy to understand.,Examination Pattern,Positive,2026-06-25
2045,"For this semester, the library has a comfortable space for students to read.",Library Facilities,Positive,2026-08-24
2046,The lecturer explains concepts clearly and gives useful examples.,Teacher Feedback,Positive,2026-03-13
2047,"The examination instructions were clear and easy to understand. Overall, this is my observation.",Examination Pattern,Positive,2026-09-10
2048,The computers work well during practical classes.,Laboratory,Positive,2026-02-07
2049,the available equipment supports the practical requirements of the course. This affects students' learning.,Laboratory,Positive,2026-08-29
2050,"The laboratory facilities are adequate for most activities. Overall, this is my observation.",Laboratory,Positive,2026-08-04
2051,The lecturer provides explanations and examples during classes.,Teacher Feedback,Neutral,2026-03-10
2052,The available equipment supports the practical requirements of the course.,Laboratory,Positive,2026-07-19
2053,the library environment is quiet and suitable for studying. This could improve the learning experience.,Library Facilities,Positive,2026-04-06
2054,"For this semester, the library provides useful books and learning resources. This has helped my learning.",Library Facilities,Positive,2026-01-12
2055,"In my experience, the lecturer moves through lessons too quickly. This could improve the learning experience.",Teacher Feedback,Negative,2026-09-02
2056,Some examination questions were confusing.,Examination Pattern,Negative,2026-01-20
2057,the examination pattern was appropriate for the course.,Examination Pattern,Positive,2026-09-08
2058,The teacher communicates the course topics effectively.,Teacher Feedback,Positive,2026-07-25
2059,"Overall, the library needs better internet access for academic research. This affects students' learning.",Library Facilities,Negative,2026-05-09
2060,"Overall, the laboratory is used for practical activities related to the course.",Laboratory,Neutral,2026-03-22
2061,"Overall, the syllabus contains practical and relevant topics.",Course Content,Positive,2026-03-28
2062,"The semester covers the major topics in the syllabus. Overall, this is my observation.",Course Content,Neutral,2026-03-02
2063,The library provides books for different academic subjects.,Library Facilities,Neutral,2026-02-06
2064,The topics covered are useful for developing my academic knowledge.,Course Content,Positive,2026-04-09
2065,"In my experience, the laboratory facilities are adequate for most activities. This could improve the learning experience.",Laboratory,Positive,2026-06-07
2066,The examination instructions were clear and easy to understand.,Examination Pattern,Positive,2026-02-27
2067,The lecturer is often unavailable when students need clarification.,Teacher Feedback,Negative,2026-09-18
2068,"For this semester, the laboratory provides a good environment for hands-on learning.",Laboratory,Positive,2026-08-14
2069,The lecturer uses practical examples that make the lessons easy to understand.,Teacher Feedback,Positive,2026-09-28
2070,The library contains textbooks and other learning materials.,Library Facilities,Neutral,2026-05-31
2071,"Overall, the teacher is approachable and responds well to students' questions.",Teacher Feedback,Positive,2026-06-06
2072,the teaching activities are conducted according to the timetable.,Teacher Feedback,Neutral,2026-02-22
2073,The laboratory provides a good environment for hands-on learning.,Laboratory,Positive,2026-06-19
2074,The laboratory has useful equipment for practical sessions.,Laboratory,Positive,2026-02-28
2075,"The teaching method is clear, organised and easy to follow.",Teacher Feedback,Positive,2026-09-07
2076,The library provides access to useful academic materials.,Library Facilities,Positive,2026-03-24
2077,The practical sessions include demonstrations and exercises. This affects students' learning.,Laboratory,Neutral,2026-03-09
2078,The course content is presented according to the approved outline.,Course Content,Neutral,2026-01-17
2079,The laboratory has useful equipment for practical sessions.,Laboratory,Positive,2026-09-07
2080,"In my experience, the lecturer gives helpful explanations when students have difficulties.",Teacher Feedback,Positive,2026-05-21
2081,The library provides useful books and learning resources.,Library Facilities,Positive,2026-06-25
2082,The available equipment supports the practical requirements of the course.,Laboratory,Positive,2026-01-14
2083,"Generally, the topics are well organised and useful for my studies. This has helped my learning.",Course Content,Positive,2026-02-05
2084,Students use the library to read and access academic materials.,Library Facilities,Neutral,2026-10-05
2085,Some important topics are not covered in the course.,Course Content,Negative,2026-08-07
2086,The lecturer explains concepts clearly and gives useful examples.,Teacher Feedback,Positive,2026-02-04
2087,"Generally, the library has a comfortable space for students to read.",Library Facilities,Positive,2026-05-09
2088,The course content is relevant and covers important concepts.,Course Content,Positive,2026-07-10
2089,"Generally, the lecturer does not explain difficult topics clearly.",Teacher Feedback,Negative,2026-02-19
2090,"Overall, some laboratory equipment is outdated. Overall, this is my observation.",Laboratory,Negative,2026-03-31
2091,the library provides useful books and learning resources.,Library Facilities,Positive,2026-09-07
2092,The lecturer provides explanations and examples during classes.,Teacher Feedback,Neutral,2026-03-26
2093,"Generally, the teacher follows the course outline for most of the semester.",Teacher Feedback,Neutral,2026-07-21
2094,the library resources are helpful when completing assignments.,Library Facilities,Positive,2026-06-17
2095,the lecturer covers the required topics during the semester. This affects students' learning.,Teacher Feedback,Neutral,2026-07-15
2096,the exam provided a reasonable opportunity to demonstrate understanding.,Examination Pattern,Positive,2026-08-22
2097,The library provides access to useful academic materials.,Library Facilities,Positive,2026-03-03
2098,The questions tested the important concepts covered in class.,Examination Pattern,Positive,2026-02-21
2099,the teacher is approachable and responds well to students' questions.,Teacher Feedback,Positive,2026-03-30
2100,The course content is interesting and supports further learning.,Course Content,Positive,2026-09-15
2101,"Overall, the exam was fair and reflected the course content. This affects students' learning.",Examination Pattern,Positive,2026-06-25
2102,The exam pattern did not reflect what was taught in class. This could improve the learning experience.,Examination Pattern,Negative,2026-08-19
2103,"Overall, the available equipment supports the practical requirements of the course.",Laboratory,Positive,2026-03-28
2104,The laboratory is used for practical activities related to the course. This has helped my learning.,Laboratory,Neutral,2026-03-26
2105,"Overall, the library contains textbooks and other learning materials.",Library Facilities,Neutral,2026-01-10
2106,"In my experience, the topics covered are useful for developing my academic knowledge. Overall, this is my observation.",Course Content,Positive,2026-09-27
2107,Students often have to share computers during laboratory work.,Laboratory,Negative,2026-06-03
2108,students often have to share computers during laboratory work.,Laboratory,Negative,2026-03-29
2109,The lecturer gives helpful explanations when students have difficulties.,Teacher Feedback,Positive,2026-10-07
2110,The examination questions were relevant to the topics taught.,Examination Pattern,Positive,2026-06-14
2111,The lecturer provides explanations and examples during classes.,Teacher Feedback,Neutral,2026-02-05
2112,"Overall, the available equipment supports the practical requirements of the course.",Laboratory,Positive,2026-01-30
2113,"In my experience, the reading area can be too crowded for effective study.",Library Facilities,Negative,2026-09-03
2114,"In my experience, the library provides a space for individual study.",Library Facilities,Neutral,2026-03-11
2115,"the laboratory provides a good environment for hands-on learning. Overall, this is my observation.",Laboratory,Positive,2026-06-02
2116,"For this semester, the available resources support my academic work.",Library Facilities,Positive,2026-06-17
2117,"Overall, the library provides useful books and learning resources.",Library Facilities,Positive,2026-08-25
2118,"Overall, the laboratory does not have enough equipment for all students.",Laboratory,Negative,2026-05-21
2119,The topics are well organised and useful for my studies. This could improve the learning experience.,Course Content,Positive,2026-05-14
2120,"Overall, the computers work well during practical classes.",Laboratory,Positive,2026-01-13
2121,The library environment is quiet and suitable for studying.,Library Facilities,Positive,2026-06-03
2122,"Overall, the lecturer explains concepts clearly and gives useful examples.",Teacher Feedback,Positive,2026-07-03
2123,"In my experience, the examination pattern was appropriate for the course. This could improve the learning experience.",Examination Pattern,Positive,2026-05-05
2124,"For this semester, the teacher is approachable and responds well to students' questions. Overall, this is my observation.",Teacher Feedback,Positive,2026-10-05
2125,"For this semester, the course content is interesting and supports further learning. This affects students' learning.",Course Content,Positive,2026-06-13
2126,"In my experience, the reading area can be too crowded for effective study. This has helped my learning.",Library Facilities,Negative,2026-02-12
2127,"Overall, the course follows the topics listed in the syllabus.",Course Content,Neutral,2026-01-16
2128,The topics covered are useful for developing my academic knowledge.,Course Content,Positive,2026-01-26
2129,the available resources support my academic work.,Library Facilities,Positive,2026-06-02
2130,"Overall, the examination pattern was appropriate for the course.",Examination Pattern,Positive,2026-09-10
2131,Some examination questions were confusing. This could improve the learning experience.,Examination Pattern,Negative,2026-08-16
2132,"In my experience, the laboratory provides a good environment for hands-on learning. Overall, this is my observation.",Laboratory,Positive,2026-08-03
2133,The examination instructions were unclear.,Examination Pattern,Negative,2026-09-27
2134,The exam contained questions from topics that were barely discussed. This affects students' learning.,Examination Pattern,Negative,2026-02-21
2135,The exam included both theoretical and practical questions.,Examination Pattern,Neutral,2026-06-09
2136,"Generally, the examination questions were difficult and not clearly related to the lectures.",Examination Pattern,Negative,2026-04-26
2137,the course contains theoretical and practical topics.,Course Content,Neutral,2026-02-13
2138,"Generally, the lecturer provides explanations and examples during classes. This could improve the learning experience.",Teacher Feedback,Neutral,2026-08-14
2139,"For this semester, the practical sessions help students understand the course better.",Laboratory,Positive,2026-10-05
2140,"Generally, the reading area can be too crowded for effective study.",Library Facilities,Negative,2026-09-02
2141,"Generally, the topics are well organised and useful for my studies.",Course Content,Positive,2026-04-08
2142,Students often have to share computers during laboratory work.,Laboratory,Negative,2026-03-24
2143,"In my experience, the lecturer moves through lessons too quickly.",Teacher Feedback,Negative,2026-02-19
2144,"For this semester, the lecturer uses practical examples that make the lessons easy to understand. This could improve the learning experience.",Teacher Feedback,Positive,2026-01-28
2145,"Generally, the teacher rarely responds to students' questions.",Teacher Feedback,Negative,2026-08-30
2146,"Overall, the exam was fair and reflected the course content. Overall, this is my observation.",Examination Pattern,Positive,2026-01-21
2147,"Generally, the syllabus contains practical and relevant topics. This affects students' learning.",Course Content,Positive,2026-03-11
2148,"For this semester, the course content is relevant and covers important concepts.",Course Content,Positive,2026-05-31
2149,The lecturer provides explanations and examples during classes.,Teacher Feedback,Neutral,2026-07-01
2150,The questions covered several topics from the course.,Examination Pattern,Neutral,2026-05-29
2151,"Overall, the questions covered several topics from the course.",Examination Pattern,Neutral,2026-08-17
2152,the laboratory has useful equipment for practical sessions.,Laboratory,Positive,2026-01-28
2153,"For this semester, some laboratory equipment is outdated.",Laboratory,Negative,2026-03-12
2154,The course content is outdated and needs improvement. This could improve the learning experience.,Course Content,Negative,2026-10-03
2155,"Overall, the course materials provide a good understanding of the subject.",Course Content,Positive,2026-07-07
2156,The topics are well organised and useful for my studies. This has helped my learning.,Course Content,Positive,2026-10-03
2157,The teacher uses lectures and class discussions to teach the course.,Teacher Feedback,Neutral,2026-04-12
2158,"the teaching method is clear, organised and easy to follow.",Teacher Feedback,Positive,2026-03-02
2159,The topics are well organised and useful for my studies.,Course Content,Positive,2026-05-03
2160,The course materials provide a good understanding of the subject.,Course Content,Positive,2026-06-11
2161,"In my experience, the library resources are helpful when completing assignments.",Library Facilities,Positive,2026-04-01
2162,The lecturer explains concepts clearly and gives useful examples. This has helped my learning.,Teacher Feedback,Positive,2026-04-25
2163,"Generally, the examination time was not enough for the number of questions.",Examination Pattern,Negative,2026-04-29
2164,"Generally, the learning materials cover the required subject areas.",Course Content,Neutral,2026-05-07
2165,the questions covered several topics from the course. This could improve the learning experience.,Examination Pattern,Neutral,2026-04-14
2166,Students use the library to read and access academic materials. This has helped my learning.,Library Facilities,Neutral,2026-01-18
2167,The exam was fair and reflected the course content.,Examination Pattern,Positive,2026-03-21
2168,"For this semester, students use the available computers during practical classes.",Laboratory,Neutral,2026-01-19
2169,Some examination questions were confusing.,Examination Pattern,Negative,2026-07-29
2170,The lecturer gives helpful explanations when students have difficulties.,Teacher Feedback,Positive,2026-06-18
2171,The laboratory provides computers for scheduled practical sessions.,Laboratory,Neutral,2026-08-22
2172,The teaching method makes some topics difficult to understand.,Teacher Feedback,Negative,2026-07-15
2173,The course content is relevant and covers important concepts.,Course Content,Positive,2026-08-12
2174,The exam included both theoretical and practical questions. This affects students' learning.,Examination Pattern,Neutral,2026-01-15
2175,the library provides useful books and learning resources. This has helped my learning.,Library Facilities,Positive,2026-09-08
2176,The lecturer provides explanations and examples during classes.,Teacher Feedback,Neutral,2026-09-11
2177,The topics are well organised and useful for my studies.,Course Content,Positive,2026-02-22
2178,"Overall, the course content is interesting and supports further learning.",Course Content,Positive,2026-04-22
2179,"For this semester, the examination questions were difficult and not clearly related to the lectures. This could improve the learning experience.",Examination Pattern,Negative,2026-05-03
2180,"For this semester, the teacher does not provide enough examples during lectures. This could improve the learning experience.",Teacher Feedback,Negative,2026-09-20
2181,"the lecturer explains concepts clearly and gives useful examples. Overall, this is my observation.",Teacher Feedback,Positive,2026-08-03
2182,"For this semester, the lecturer explains concepts clearly and gives useful examples.",Teacher Feedback,Positive,2026-05-10
2183,The exam was fair and reflected the course content.,Examination Pattern,Positive,2026-01-24
2184,"For this semester, the lecturer explains concepts clearly and gives useful examples.",Teacher Feedback,Positive,2026-02-01
2185,"Overall, the exam was fair and reflected the course content.",Examination Pattern,Positive,2026-07-11
2186,The topics covered are useful for developing my academic knowledge. This affects students' learning.,Course Content,Positive,2026-08-26
2187,"Generally, laboratory sessions are conducted according to the timetable.",Laboratory,Neutral,2026-08-16
2188,"Generally, the lecturer provides explanations and examples during classes.",Teacher Feedback,Neutral,2026-06-09
2189,The laboratory facilities are adequate for most activities.,Laboratory,Positive,2026-02-23
2190,The course content is relevant and covers important concepts. This affects students' learning.,Course Content,Positive,2026-07-05
2191,"Overall, the lecturer gives helpful explanations when students have difficulties.",Teacher Feedback,Positive,2026-01-30
2192,Some important topics are not covered in the course. This affects students' learning.,Course Content,Negative,2026-06-09
2193,the examination pattern was appropriate for the course.,Examination Pattern,Positive,2026-01-10
2194,the library provides books for different academic subjects. This has helped my learning.,Library Facilities,Neutral,2026-08-15
2195,"For this semester, the learning materials cover the required subject areas.",Course Content,Neutral,2026-03-01
2196,The course materials provide a good understanding of the subject. This has helped my learning.,Course Content,Positive,2026-01-10
2197,The laboratory provides a good environment for hands-on learning.,Laboratory,Positive,2026-08-28
2198,"For this semester, the library provides access to useful academic materials.",Library Facilities,Positive,2026-07-12
2199,The examination pattern was appropriate for the course. This affects students' learning.,Examination Pattern,Positive,2026-07-05
2200,the examination pattern was appropriate for the course.,Examination Pattern,Positive,2026-03-28
2201,The course content needs to be updated to include current examples. This has helped my learning.,Course Content,Negative,2026-04-25
2202,"Generally, the library has a comfortable space for students to read. This affects students' learning.",Library Facilities,Positive,2026-02-18
2203,The internet connection is poor during practical sessions.,Laboratory,Negative,2026-03-30
2204,"For this semester, the laboratory provides a good environment for hands-on learning.",Laboratory,Positive,2026-07-03
2205,"Generally, the topics covered are useful for developing my academic knowledge.",Course Content,Positive,2026-03-29
2206,"Overall, the library provides access to useful academic materials.",Library Facilities,Positive,2026-03-19
2207,"For this semester, the examination questions were relevant to the topics taught.",Examination Pattern,Positive,2026-07-27
2208,"In my experience, the teacher does not provide enough examples during lectures. This could improve the learning experience.",Teacher Feedback,Negative,2026-03-28
2209,"The teacher communicates the course topics effectively. Overall, this is my observation.",Teacher Feedback,Positive,2026-05-13
2210,The exam provided a reasonable opportunity to demonstrate understanding.,Examination Pattern,Positive,2026-06-18
2211,The lecturer uses practical examples that make the lessons easy to understand. This could improve the learning experience.,Teacher Feedback,Positive,2026-07-05
2212,the course materials provide a good understanding of the subject. This has helped my learning.,Course Content,Positive,2026-03-23
2213,"For this semester, the topics are well organised and useful for my studies.",Course Content,Positive,2026-05-17
2214,The teacher is approachable and responds well to students' questions.,Teacher Feedback,Positive,2026-03-15
2215,"Overall, the exam included both theoretical and practical questions.",Examination Pattern,Neutral,2026-02-27
2216,The lecturer uses practical examples that make the lessons easy to understand.,Teacher Feedback,Positive,2026-09-16
2217,The library provides access to useful academic materials.,Library Facilities,Positive,2026-03-17
2218,The reading area can be too crowded for effective study.,Library Facilities,Negative,2026-04-06
2219,"Generally, the lecturer uses practical examples that make the lessons easy to understand.",Teacher Feedback,Positive,2026-04-14
2220,"Overall, some library resources are outdated.",Library Facilities,Negative,2026-06-03
2221,"Generally, the examination consisted of the required number of questions.",Examination Pattern,Neutral,2026-07-09
2222,The course contains theoretical and practical topics.,Course Content,Neutral,2026-01-15
2223,"Generally, the exam pattern did not reflect what was taught in class. This has helped my learning.",Examination Pattern,Negative,2026-03-02
2224,"For this semester, the syllabus contains practical and relevant topics.",Course Content,Positive,2026-08-09
2225,The course materials provide a good understanding of the subject. This affects students' learning.,Course Content,Positive,2026-01-30
2226,students often have to share computers during laboratory work.,Laboratory,Negative,2026-07-14
2227,"In my experience, the examination instructions were clear and easy to understand.",Examination Pattern,Positive,2026-09-28
2228,"In my experience, the lecturer is often unavailable when students need clarification. Overall, this is my observation.",Teacher Feedback,Negative,2026-07-18
2229,The examination pattern was appropriate for the course. This affects students' learning.,Examination Pattern,Positive,2026-07-30
2230,The lecturer is often unavailable when students need clarification.,Teacher Feedback,Negative,2026-08-12
2231,"Overall, the computers work well during practical classes.",Laboratory,Positive,2026-02-13
2232,the examination questions were relevant to the topics taught. This has helped my learning.,Examination Pattern,Positive,2026-04-11
2233,The available resources support my academic work.,Library Facilities,Positive,2026-09-03
2234,"Overall, the teacher is approachable and responds well to students' questions. This has helped my learning.",Teacher Feedback,Positive,2026-07-06
2235,"Generally, the library environment is quiet and suitable for studying.",Library Facilities,Positive,2026-10-02
2236,The reading area can be too crowded for effective study. This could improve the learning experience.,Library Facilities,Negative,2026-08-14
2237,The lecturer is often unavailable when students need clarification.,Teacher Feedback,Negative,2026-09-09
2238,"Generally, the course follows the topics listed in the syllabus.",Course Content,Neutral,2026-07-28
2239,The lecturer explains concepts clearly and gives useful examples.,Teacher Feedback,Positive,2026-06-01
2240,The available resources support my academic work.,Library Facilities,Positive,2026-07-13
2241,the laboratory facilities are adequate for most activities.,Laboratory,Positive,2026-06-19
2242,"In my experience, the practical sessions help students understand the course better.",Laboratory,Positive,2026-01-30
2243,The library provides useful books and learning resources.,Library Facilities,Positive,2026-03-03
2244,"For this semester, the lecturer uses practical examples that make the lessons easy to understand. Overall, this is my observation.",Teacher Feedback,Positive,2026-04-20
2245,"Overall, the library environment is quiet and suitable for studying.",Library Facilities,Positive,2026-08-01
2246,"Generally, the teacher communicates the course topics effectively. This could improve the learning experience.",Teacher Feedback,Positive,2026-03-07
2247,The examination questions were relevant to the topics taught.,Examination Pattern,Positive,2026-06-17
2248,Many computers in the laboratory are not working properly.,Laboratory,Negative,2026-01-17
2249,"Generally, the lecturer covers the required topics during the semester. This has helped my learning.",Teacher Feedback,Neutral,2026-02-23
2250,"For this semester, the library has a comfortable space for students to read.",Library Facilities,Positive,2026-06-11
2251,The questions tested the important concepts covered in class.,Examination Pattern,Positive,2026-02-08
2252,The available equipment supports the practical requirements of the course.,Laboratory,Positive,2026-08-26
2253,the exam provided a reasonable opportunity to demonstrate understanding. This could improve the learning experience.,Examination Pattern,Positive,2026-05-01
2254,The available equipment supports the practical requirements of the course.,Laboratory,Positive,2026-10-03
2255,"Overall, the library has a comfortable space for students to read.",Library Facilities,Positive,2026-01-19
2256,The laboratory has useful equipment for practical sessions. This could improve the learning experience.,Laboratory,Positive,2026-09-24
2257,"Overall, the laboratory has useful equipment for practical sessions.",Laboratory,Positive,2026-04-06
2258,The exam was fair and reflected the course content. This affects students' learning.,Examination Pattern,Positive,2026-03-22
2259,There is too much theory and not enough practical content. This has helped my learning.,Course Content,Negative,2026-01-25
2260,"In my experience, the available resources support my academic work. This affects students' learning.",Library Facilities,Positive,2026-05-22
2261,The course materials provide a good understanding of the subject.,Course Content,Positive,2026-02-03
2262,The library provides access to useful academic materials. This could improve the learning experience.,Library Facilities,Positive,2026-08-21
2263,The teacher communicates the course topics effectively.,Teacher Feedback,Positive,2026-01-24
2264,The course content needs to be updated to include current examples.,Course Content,Negative,2026-02-03
2265,The laboratory does not have enough equipment for all students.,Laboratory,Negative,2026-06-02
2266,the exam provided a reasonable opportunity to demonstrate understanding.,Examination Pattern,Positive,2026-06-10
2267,The available resources support my academic work.,Library Facilities,Positive,2026-07-27
2268,The library provides books for different academic subjects. This affects students' learning.,Library Facilities,Neutral,2026-09-02
2269,"Generally, the lecturer covers the main topics included in the course outline.",Course Content,Neutral,2026-09-14
2270,The course contains theoretical and practical topics.,Course Content,Neutral,2026-02-18
2271,The lecturer moves through lessons too quickly.,Teacher Feedback,Negative,2026-04-07
2272,The laboratory has useful equipment for practical sessions.,Laboratory,Positive,2026-09-25
2273,Students use the library to read and access academic materials.,Library Facilities,Neutral,2026-09-23
2274,"Overall, the examination consisted of the required number of questions. This has helped my learning.",Examination Pattern,Neutral,2026-09-25
2275,The library provides access to useful academic materials.,Library Facilities,Positive,2026-07-24
2276,The library needs better internet access for academic research.,Library Facilities,Negative,2026-09-20
2277,the questions tested the important concepts covered in class. This has helped my learning.,Examination Pattern,Positive,2026-06-05
2278,The examination pattern was appropriate for the course. This has helped my learning.,Examination Pattern,Positive,2026-05-08
2279,The library contains textbooks and other learning materials.,Library Facilities,Neutral,2026-04-13
2280,The lecturer does not explain difficult topics clearly.,Teacher Feedback,Negative,2026-07-25
2281,"Generally, the library environment is quiet and suitable for studying.",Library Facilities,Positive,2026-08-20
2282,the library resources are helpful when completing assignments. This could improve the learning experience.,Library Facilities,Positive,2026-09-09
2283,The course materials provide a good understanding of the subject.,Course Content,Positive,2026-04-09
2284,The library provides access to useful academic materials.,Library Facilities,Positive,2026-03-19
2285,The library provides access to useful academic materials.,Library Facilities,Positive,2026-06-27
2286,The library provides useful books and learning resources.,Library Facilities,Positive,2026-09-10
2287,"Generally, the lecturer uses practical examples that make the lessons easy to understand.",Teacher Feedback,Positive,2026-01-28
2288,the course content is relevant and covers important concepts. This could improve the learning experience.,Course Content,Positive,2026-05-21
2289,"For this semester, the library provides a space for individual study.",Library Facilities,Neutral,2026-09-04
2290,Students use the library to read and access academic materials.,Library Facilities,Neutral,2026-03-30
2291,The lecturer moves through lessons too quickly. This affects students' learning.,Teacher Feedback,Negative,2026-03-10
2292,"Generally, the library environment is quiet and suitable for studying.",Library Facilities,Positive,2026-08-10
2293,"The library has a comfortable space for students to read. Overall, this is my observation.",Library Facilities,Positive,2026-02-27
2294,The practical sessions help students understand the course better. This could improve the learning experience.,Laboratory,Positive,2026-05-22
2295,"Overall, the questions tested the important concepts covered in class.",Examination Pattern,Positive,2026-05-07
2296,"the teaching method is clear, organised and easy to follow.",Teacher Feedback,Positive,2026-04-07
2297,Some library resources are outdated.,Library Facilities,Negative,2026-03-09
2298,The practical sessions help students understand the course better.,Laboratory,Positive,2026-06-11
2299,Many useful books are unavailable in the library.,Library Facilities,Negative,2026-01-18
2300,students use the available computers during practical classes.,Laboratory,Neutral,2026-04-19
2301,"Overall, the course materials provide a good understanding of the subject.",Course Content,Positive,2026-08-21
2302,The lecturer covers the required topics during the semester. This has helped my learning.,Teacher Feedback,Neutral,2026-02-12
2303,The exam provided a reasonable opportunity to demonstrate understanding.,Examination Pattern,Positive,2026-02-15
2304,"Generally, the exam provided a reasonable opportunity to demonstrate understanding.",Examination Pattern,Positive,2026-05-30
2305,students can use the reading area for academic activities. This affects students' learning.,Library Facilities,Neutral,2026-10-06
2306,"Generally, the examination instructions were clear and easy to understand. This could improve the learning experience.",Examination Pattern,Positive,2026-09-11
2307,The topics are well organised and useful for my studies.,Course Content,Positive,2026-01-30
2308,"Overall, the course materials provide a good understanding of the subject.",Course Content,Positive,2026-06-21
2309,The lecturer moves through lessons too quickly.,Teacher Feedback,Negative,2026-03-12
2310,"Overall, the questions tested the important concepts covered in class.",Examination Pattern,Positive,2026-06-18
2311,The syllabus contains practical and relevant topics.,Course Content,Positive,2026-06-13
2312,"For this semester, the course content is relevant and covers important concepts. Overall, this is my observation.",Course Content,Positive,2026-08-19
2313,"Overall, the lecturer explains concepts clearly and gives useful examples.",Teacher Feedback,Positive,2026-05-24
2314,the exam included both theoretical and practical questions.,Examination Pattern,Neutral,2026-05-12
2315,The examination instructions were clear and easy to understand.,Examination Pattern,Positive,2026-06-19
2316,The available resources support my academic work.,Library Facilities,Positive,2026-02-05
2317,"For this semester, the course content is relevant and covers important concepts.",Course Content,Positive,2026-05-25
2318,"Generally, the questions tested the important concepts covered in class.",Examination Pattern,Positive,2026-03-25
2319,the laboratory provides a good environment for hands-on learning.,Laboratory,Positive,2026-02-27
2320,The questions covered several topics from the course.,Examination Pattern,Neutral,2026-01-10
2321,The lecturer gives helpful explanations when students have difficulties.,Teacher Feedback,Positive,2026-01-10
2322,the syllabus contains practical and relevant topics.,Course Content,Positive,2026-04-05
2323,The exam was fair and reflected the course content.,Examination Pattern,Positive,2026-09-19
2324,The computers work well during practical classes.,Laboratory,Positive,2026-02-17
2325,There is too much theory and not enough practical content. This has helped my learning.,Course Content,Negative,2026-09-16
2326,"The exam provided a reasonable opportunity to demonstrate understanding. Overall, this is my observation.",Examination Pattern,Positive,2026-10-06
2327,The exam was fair and reflected the course content. This affects students' learning.,Examination Pattern,Positive,2026-07-18
2328,the examination instructions were clear and easy to understand.,Examination Pattern,Positive,2026-07-25
2329,"In my experience, the exam provided a reasonable opportunity to demonstrate understanding. This affects students' learning.",Examination Pattern,Positive,2026-05-21
2330,"Overall, the available resources support my academic work.",Library Facilities,Positive,2026-09-22
2331,"In my experience, the practical sessions help students understand the course better.",Laboratory,Positive,2026-09-12
2332,The laboratory has useful equipment for practical sessions.,Laboratory,Positive,2026-03-27
2333,"In my experience, the laboratory provides a good environment for hands-on learning.",Laboratory,Positive,2026-09-10
2334,the topics are well organised and useful for my studies.,Course Content,Positive,2026-08-26
2335,"Overall, the lecturer uses practical examples that make the lessons easy to understand. This could improve the learning experience.",Teacher Feedback,Positive,2026-04-29
2336,"Generally, the library contains textbooks and other learning materials. This affects students' learning.",Library Facilities,Neutral,2026-10-05
2337,"For this semester, the laboratory is used for practical activities related to the course.",Laboratory,Neutral,2026-05-11
2338,the library provides books for different academic subjects. This could improve the learning experience.,Library Facilities,Neutral,2026-03-09
2339,The questions tested the important concepts covered in class.,Examination Pattern,Positive,2026-01-22
2340,The laboratory environment makes practical classes difficult.,Laboratory,Negative,2026-03-26
2341,"In my experience, the course content is relevant and covers important concepts.",Course Content,Positive,2026-10-02
2342,"Overall, the lecturer does not explain difficult topics clearly.",Teacher Feedback,Negative,2026-06-07
2343,"In my experience, the exam provided a reasonable opportunity to demonstrate understanding.",Examination Pattern,Positive,2026-07-10
2344,"For this semester, the library contains textbooks and other learning materials.",Library Facilities,Neutral,2026-02-21
2345,The examination instructions were unclear.,Examination Pattern,Negative,2026-02-09
2346,"Overall, the course content is interesting and supports further learning. Overall, this is my observation.",Course Content,Positive,2026-08-24
2347,The library contains textbooks and other learning materials.,Library Facilities,Neutral,2026-02-20
2348,The teacher communicates the course topics effectively.,Teacher Feedback,Positive,2026-04-16
2349,"In my experience, the teaching method is clear, organised and easy to follow. This has helped my learning.",Teacher Feedback,Positive,2026-01-20
2350,the lecturer gives helpful explanations when students have difficulties.,Teacher Feedback,Positive,2026-09-04
2351,The practical sessions include demonstrations and exercises.,Laboratory,Neutral,2026-02-16
2352,The topics covered are useful for developing my academic knowledge. This has helped my learning.,Course Content,Positive,2026-02-19
2353,The library does not have enough current textbooks.,Library Facilities,Negative,2026-06-22
2354,The topics are well organised and useful for my studies.,Course Content,Positive,2026-02-09
2355,"In my experience, the course content is relevant and covers important concepts.",Course Content,Positive,2026-06-05
2356,Students can use the reading area for academic activities.,Library Facilities,Neutral,2026-05-23
2357,"Overall, the library has a comfortable space for students to read.",Library Facilities,Positive,2026-01-19
2358,the library provides useful books and learning resources.,Library Facilities,Positive,2026-03-20
2359,Students often have to share computers during laboratory work.,Laboratory,Negative,2026-07-01
2360,The course content is relevant and covers important concepts.,Course Content,Positive,2026-02-07
2361,Students can use the reading area for academic activities. This affects students' learning.,Library Facilities,Neutral,2026-06-13
2362,The available resources support my academic work.,Library Facilities,Positive,2026-05-30
2363,"In my experience, the teacher is approachable and responds well to students' questions.",Teacher Feedback,Positive,2026-06-10
2364,"Overall, the library does not have enough current textbooks.",Library Facilities,Negative,2026-03-21
2365,the lecturer moves through lessons too quickly. This could improve the learning experience.,Teacher Feedback,Negative,2026-01-30
2366,the library environment is quiet and suitable for studying.,Library Facilities,Positive,2026-02-16
2367,Students are assigned laboratory tasks during the semester. This affects students' learning.,Laboratory,Neutral,2026-03-17
2368,Many useful books are unavailable in the library.,Library Facilities,Negative,2026-08-04
2369,The laboratory provides a good environment for hands-on learning.,Laboratory,Positive,2026-07-23
2370,The practical sessions include demonstrations and exercises.,Laboratory,Neutral,2026-05-23
2371,"In my experience, the course content needs to be updated to include current examples.",Course Content,Negative,2026-06-14
2372,"Overall, the course contains theoretical and practical topics.",Course Content,Neutral,2026-04-16
2373,"For this semester, students are assigned laboratory tasks during the semester.",Laboratory,Neutral,2026-08-30
2374,"Generally, the exam provided a reasonable opportunity to demonstrate understanding. This has helped my learning.",Examination Pattern,Positive,2026-07-04
2375,The lecturer explains concepts clearly and gives useful examples.,Teacher Feedback,Positive,2026-08-05
2376,The lecturer gives helpful explanations when students have difficulties. This could improve the learning experience.,Teacher Feedback,Positive,2026-05-28
2377,"Overall, the laboratory does not have enough equipment for all students.",Laboratory,Negative,2026-07-15
2378,"For this semester, the examination consisted of the required number of questions. Overall, this is my observation.",Examination Pattern,Neutral,2026-08-24
2379,"Generally, the library has a comfortable space for students to read.",Library Facilities,Positive,2026-08-14
2380,"Overall, the course content is interesting and supports further learning.",Course Content,Positive,2026-02-21
2381,The questions tested the important concepts covered in class. This could improve the learning experience.,Examination Pattern,Positive,2026-07-12
2382,"Overall, there is too much theory and not enough practical content.",Course Content,Negative,2026-01-27
2383,"For this semester, the exam pattern did not reflect what was taught in class.",Examination Pattern,Negative,2026-05-05
2384,The course content is relevant and covers important concepts.,Course Content,Positive,2026-07-25
2385,"In my experience, the library needs better internet access for academic research.",Library Facilities,Negative,2026-09-21
2386,the exam followed the general format used for the course. This affects students' learning.,Examination Pattern,Neutral,2026-02-21
2387,"In my experience, the lecturer provides explanations and examples during classes.",Teacher Feedback,Neutral,2026-03-14
2388,The practical sessions include demonstrations and exercises.,Laboratory,Neutral,2026-06-08
2389,"Generally, the examination instructions were clear and easy to understand.",Examination Pattern,Positive,2026-03-11
2390,the teacher uses lectures and class discussions to teach the course.,Teacher Feedback,Neutral,2026-05-11
2391,the library has a comfortable space for students to read.,Library Facilities,Positive,2026-03-28
2392,the questions tested the important concepts covered in class.,Examination Pattern,Positive,2026-07-16
2393,"Generally, the exam pattern did not reflect what was taught in class. This affects students' learning.",Examination Pattern,Negative,2026-02-27
2394,the semester covers the major topics in the syllabus.,Course Content,Neutral,2026-03-03
2395,The examination questions were relevant to the topics taught.,Examination Pattern,Positive,2026-08-04
2396,The course content is outdated and needs improvement.,Course Content,Negative,2026-03-31
2397,Many useful books are unavailable in the library.,Library Facilities,Negative,2026-06-28
2398,The library provides a space for individual study.,Library Facilities,Neutral,2026-08-30
2399,"For this semester, the computers work well during practical classes.",Laboratory,Positive,2026-05-04
2400,"In my experience, the course materials provide a good understanding of the subject. Overall, this is my observation.",Course Content,Positive,2026-05-15
2401,The course content is interesting and supports further learning.,Course Content,Positive,2026-02-19
2402,The course content is presented according to the approved outline. This has helped my learning.,Course Content,Neutral,2026-09-01
2403,the laboratory provides computers for scheduled practical sessions.,Laboratory,Neutral,2026-01-22
2404,The teaching activities are conducted according to the timetable.,Teacher Feedback,Neutral,2026-07-21
2405,"Generally, the examination pattern was appropriate for the course.",Examination Pattern,Positive,2026-08-11
2406,The computers work well during practical classes.,Laboratory,Positive,2026-04-30
2407,The exam followed the general format used for the course.,Examination Pattern,Neutral,2026-02-06
2408,"Overall, the exam followed the general format used for the course.",Examination Pattern,Neutral,2026-04-05
2409,The available equipment supports the practical requirements of the course.,Laboratory,Positive,2026-05-19
2410,the exam provided a reasonable opportunity to demonstrate understanding.,Examination Pattern,Positive,2026-08-11
2411,The computers work well during practical classes.,Laboratory,Positive,2026-04-25
2412,"Overall, the teacher does not provide enough examples during lectures.",Teacher Feedback,Negative,2026-06-01
2413,"Generally, the examination instructions were unclear.",Examination Pattern,Negative,2026-07-01
2414,The library environment is quiet and suitable for studying.,Library Facilities,Positive,2026-02-12
2415,"Overall, the exam provided a reasonable opportunity to demonstrate understanding.",Examination Pattern,Positive,2026-04-21
2416,"The laboratory provides a good environment for hands-on learning. Overall, this is my observation.",Laboratory,Positive,2026-09-10
2417,The library provides useful books and learning resources.,Library Facilities,Positive,2026-03-16
2418,The semester covers the major topics in the syllabus.,Course Content,Neutral,2026-06-24
2419,The practical sessions help students understand the course better.,Laboratory,Positive,2026-03-24
2420,"Overall, the exam provided a reasonable opportunity to demonstrate understanding. This could improve the learning experience.",Examination Pattern,Positive,2026-04-26
2421,"Generally, the laboratory provides a good environment for hands-on learning.",Laboratory,Positive,2026-05-01
2422,The computers work well during practical classes.,Laboratory,Positive,2026-07-24
2423,the examination instructions were clear and easy to understand.,Examination Pattern,Positive,2026-04-22
2424,"Overall, the library is available to students during its operating hours.",Library Facilities,Neutral,2026-04-10
2425,"Overall, the questions tested the important concepts covered in class.",Examination Pattern,Positive,2026-01-14
2426,The available equipment supports the practical requirements of the course.,Laboratory,Positive,2026-02-15
2427,"The laboratory facilities are adequate for most activities. Overall, this is my observation.",Laboratory,Positive,2026-04-07
2428,"Overall, the examination pattern was appropriate for the course.",Examination Pattern,Positive,2026-06-20
2429,"For this semester, the learning materials cover the required subject areas.",Course Content,Neutral,2026-05-04
2430,"In my experience, the laboratory facilities are adequate for most activities. This affects students' learning.",Laboratory,Positive,2026-08-23
2431,"Overall, the exam was fair and reflected the course content. Overall, this is my observation.",Examination Pattern,Positive,2026-05-26
2432,"Generally, the examination questions were relevant to the topics taught. This could improve the learning experience.",Examination Pattern,Positive,2026-07-30
2433,The exam provided a reasonable opportunity to demonstrate understanding.,Examination Pattern,Positive,2026-02-24
2434,"In my experience, the lecturer explains concepts clearly and gives useful examples.",Teacher Feedback,Positive,2026-07-08
2435,"Overall, the learning materials cover the required subject areas.",Course Content,Neutral,2026-08-21
2436,The examination was conducted according to the scheduled date.,Examination Pattern,Neutral,2026-09-19
2437,The laboratory has useful equipment for practical sessions. This affects students' learning.,Laboratory,Positive,2026-01-15
2438,The course content is presented according to the approved outline.,Course Content,Neutral,2026-07-06
2439,"Generally, the topics covered are useful for developing my academic knowledge.",Course Content,Positive,2026-01-25
2440,"Overall, the practical sessions help students understand the course better. This affects students' learning.",Laboratory,Positive,2026-09-19
2441,"Some important topics are not covered in the course. Overall, this is my observation.",Course Content,Negative,2026-06-15
2442,"Generally, the course content is relevant and covers important concepts. This could improve the learning experience.",Course Content,Positive,2026-09-20
2443,"Laboratory sessions are conducted according to the timetable. Overall, this is my observation.",Laboratory,Neutral,2026-06-19
2444,"For this semester, students use the available computers during practical classes.",Laboratory,Neutral,2026-05-05
2445,The library contains textbooks and other learning materials.,Library Facilities,Neutral,2026-01-11
2446,The library has a comfortable space for students to read.,Library Facilities,Positive,2026-04-26
2447,"Overall, the lecturer gives assignments and discusses them in class. This could improve the learning experience.",Teacher Feedback,Neutral,2026-07-15
2448,"In my experience, the course follows the topics listed in the syllabus.",Course Content,Neutral,2026-02-15
2449,the lecturer gives assignments and discusses them in class.,Teacher Feedback,Neutral,2026-09-26
2450,"Overall, the available equipment supports the practical requirements of the course.",Laboratory,Positive,2026-08-18
2451,"For this semester, there are not enough seats for students during busy periods.",Library Facilities,Negative,2026-08-20
2452,"In my experience, the examination contained questions from different parts of the syllabus.",Examination Pattern,Neutral,2026-08-21
2453,the available equipment supports the practical requirements of the course. This could improve the learning experience.,Laboratory,Positive,2026-08-02
2454,The practical sessions help students understand the course better. This has helped my learning.,Laboratory,Positive,2026-06-16
2455,"Generally, the lecturer covers the required topics during the semester.",Teacher Feedback,Neutral,2026-02-06
2456,Students often have to share computers during laboratory work.,Laboratory,Negative,2026-06-17
2457,"For this semester, the library provides access to useful academic materials.",Library Facilities,Positive,2026-06-13
2458,The practical sessions help students understand the course better.,Laboratory,Positive,2026-08-12
2459,"Generally, the library provides useful books and learning resources.",Library Facilities,Positive,2026-07-31
2460,"For this semester, the examination questions were difficult and not clearly related to the lectures.",Examination Pattern,Negative,2026-07-27
2461,"Overall, the examination questions were difficult and not clearly related to the lectures.",Examination Pattern,Negative,2026-05-19
2462,"The teaching method is clear, organised and easy to follow.",Teacher Feedback,Positive,2026-03-24
2463,"Overall, the practical sessions include demonstrations and exercises.",Laboratory,Neutral,2026-09-09
2464,The teacher communicates the course topics effectively.,Teacher Feedback,Positive,2026-09-02
2465,"Generally, the library resources are helpful when completing assignments. This could improve the learning experience.",Library Facilities,Positive,2026-09-13
2466,the teacher is approachable and responds well to students' questions.,Teacher Feedback,Positive,2026-05-01
2467,"Overall, the library contains textbooks and other learning materials. This could improve the learning experience.",Library Facilities,Neutral,2026-09-30
2468,"Overall, the library provides access to useful academic materials. This has helped my learning.",Library Facilities,Positive,2026-06-17
2469,"In my experience, the teacher is approachable and responds well to students' questions.",Teacher Feedback,Positive,2026-09-07
2470,"Generally, the course content is presented according to the approved outline.",Course Content,Neutral,2026-08-10
2471,The available equipment supports the practical requirements of the course.,Laboratory,Positive,2026-09-02
2472,"Generally, the semester covers the major topics in the syllabus.",Course Content,Neutral,2026-06-07
2473,Students use the library to read and access academic materials. This affects students' learning.,Library Facilities,Neutral,2026-07-01
2474,"Overall, the syllabus contains topics that are not explained sufficiently. This has helped my learning.",Course Content,Negative,2026-07-31
2475,"Overall, the topics are well organised and useful for my studies. Overall, this is my observation.",Course Content,Positive,2026-03-06
2476,"For this semester, the library provides useful books and learning resources.",Library Facilities,Positive,2026-06-07
2477,"Generally, the course content is presented according to the approved outline.",Course Content,Neutral,2026-07-03
2478,"Overall, the teacher uses lectures and class discussions to teach the course.",Teacher Feedback,Neutral,2026-02-05
2479,"In my experience, the syllabus contains practical and relevant topics. This could improve the learning experience.",Course Content,Positive,2026-06-29
2480,"For this semester, the exam was fair and reflected the course content.",Examination Pattern,Positive,2026-04-13
2481,"For this semester, the library provides access to useful academic materials.",Library Facilities,Positive,2026-05-16
2482,"Overall, students use the library to read and access academic materials.",Library Facilities,Neutral,2026-09-01
2483,the available resources support my academic work.,Library Facilities,Positive,2026-09-12
2484,The exam was fair and reflected the course content.,Examination Pattern,Positive,2026-02-17
2485,"For this semester, the lecturer explains concepts clearly and gives useful examples.",Teacher Feedback,Positive,2026-01-20
2486,"In my experience, the library provides access to useful academic materials. Overall, this is my observation.",Library Facilities,Positive,2026-07-10
2487,"For this semester, the laboratory facilities are adequate for most activities.",Laboratory,Positive,2026-04-07
2488,"Generally, the examination questions were difficult and not clearly related to the lectures. Overall, this is my observation.",Examination Pattern,Negative,2026-06-10
2489,"Overall, some examination questions were confusing. This affects students' learning.",Examination Pattern,Negative,2026-02-18
2490,The teacher communicates the course topics effectively.,Teacher Feedback,Positive,2026-08-30
2491,"For this semester, the library environment is quiet and suitable for studying.",Library Facilities,Positive,2026-08-29
2492,"Generally, the examination pattern was appropriate for the course.",Examination Pattern,Positive,2026-06-26
2493,"Generally, the examination questions were relevant to the topics taught.",Examination Pattern,Positive,2026-09-25
2494,"In my experience, the laboratory provides a good environment for hands-on learning.",Laboratory,Positive,2026-03-13
2495,"Overall, the available resources support my academic work. Overall, this is my observation.",Library Facilities,Positive,2026-01-22
2496,"For this semester, the questions tested the important concepts covered in class.",Examination Pattern,Positive,2026-05-02
2497,Some examination questions were confusing. This has helped my learning.,Examination Pattern,Negative,2026-01-21
2498,The practical sessions include demonstrations and exercises.,Laboratory,Neutral,2026-03-10
2499,The lecturer uses practical examples that make the lessons easy to understand.,Teacher Feedback,Positive,2026-06-27
2500,The semester covers the major topics in the syllabus.,Course Content,Neutral,2026-06-07
2501,The teacher follows the course outline for most of the semester.,Teacher Feedback,Neutral,2026-03-20
2502,The teacher is approachable and responds well to students' questions. This has helped my learning.,Teacher Feedback,Positive,2026-05-10
2503,"Overall, the topics are well organised and useful for my studies.",Course Content,Positive,2026-03-24
2504,The learning materials cover the required subject areas. This affects students' learning.,Course Content,Neutral,2026-08-18
2505,The topics covered are useful for developing my academic knowledge.,Course Content,Positive,2026-04-20
2506,The syllabus contains practical and relevant topics.,Course Content,Positive,2026-05-01
2507,The lecturer gives helpful explanations when students have difficulties. This could improve the learning experience.,Teacher Feedback,Positive,2026-08-22
2508,the examination consisted of the required number of questions.,Examination Pattern,Neutral,2026-03-07
2509,"Overall, the exam followed the general format used for the course.",Examination Pattern,Neutral,2026-09-20
2510,"Overall, some topics are difficult because the course materials are incomplete.",Course Content,Negative,2026-03-14
2511,"In my experience, the course materials provide a good understanding of the subject.",Course Content,Positive,2026-03-28
2512,"Overall, the course content is interesting and supports further learning.",Course Content,Positive,2026-07-04
2513,"In my experience, the library needs better internet access for academic research.",Library Facilities,Negative,2026-07-02
2514,The teaching activities are conducted according to the timetable.,Teacher Feedback,Neutral,2026-10-07
2515,"Overall, the syllabus contains topics that are not explained sufficiently.",Course Content,Negative,2026-07-10
2516,There are not enough seats for students during busy periods.,Library Facilities,Negative,2026-01-18
2517,The examination questions were relevant to the topics taught. This affects students' learning.,Examination Pattern,Positive,2026-08-31
2518,The examination instructions were clear and easy to understand. This affects students' learning.,Examination Pattern,Positive,2026-02-23
2519,The teacher uses lectures and class discussions to teach the course.,Teacher Feedback,Neutral,2026-09-30
2520,"the questions tested the important concepts covered in class. Overall, this is my observation.",Examination Pattern,Positive,2026-03-30
2521,"Generally, the practical sessions help students understand the course better.",Laboratory,Positive,2026-08-21
2522,"Generally, the syllabus contains practical and relevant topics. This has helped my learning.",Course Content,Positive,2026-06-08
2523,"Overall, the library does not have enough current textbooks. This has helped my learning.",Library Facilities,Negative,2026-06-15
2524,The teacher communicates the course topics effectively.,Teacher Feedback,Positive,2026-08-22
2525,the questions covered several topics from the course.,Examination Pattern,Neutral,2026-05-19
2526,The lecturer moves through lessons too quickly.,Teacher Feedback,Negative,2026-09-13
2527,the examination questions were relevant to the topics taught. This could improve the learning experience.,Examination Pattern,Positive,2026-01-21
2528,"In my experience, the examination consisted of the required number of questions.",Examination Pattern,Neutral,2026-01-23
2529,The laboratory environment makes practical classes difficult.,Laboratory,Negative,2026-08-03
2530,The lecturer explains concepts clearly and gives useful examples.,Teacher Feedback,Positive,2026-01-17
2531,The course follows the topics listed in the syllabus.,Course Content,Neutral,2026-07-27
2532,The lecturer gives helpful explanations when students have difficulties.,Teacher Feedback,Positive,2026-04-30
2533,"Generally, the library provides useful books and learning resources.",Library Facilities,Positive,2026-09-19
2534,Some library resources are outdated. This has helped my learning.,Library Facilities,Negative,2026-09-07
2535,There are not enough seats for students during busy periods.,Library Facilities,Negative,2026-04-16
2536,"For this semester, the course content is interesting and supports further learning. This could improve the learning experience.",Course Content,Positive,2026-04-14
2537,"For this semester, the computers work well during practical classes.",Laboratory,Positive,2026-06-28
2538,The topics are well organised and useful for my studies.,Course Content,Positive,2026-05-12
2539,The examination pattern was appropriate for the course.,Examination Pattern,Positive,2026-05-17
2540,"Generally, the exam provided a reasonable opportunity to demonstrate understanding.",Examination Pattern,Positive,2026-02-14
2541,"In my experience, the lecturer uses practical examples that make the lessons easy to understand.",Teacher Feedback,Positive,2026-08-30
2542,Laboratory sessions are conducted according to the timetable. This affects students' learning.,Laboratory,Neutral,2026-01-25
2543,The topics covered are useful for developing my academic knowledge. This has helped my learning.,Course Content,Positive,2026-06-23
2544,"In my experience, the library provides access to useful academic materials.",Library Facilities,Positive,2026-08-27
2545,"For this semester, the practical sessions include demonstrations and exercises.",Laboratory,Neutral,2026-05-13
2546,"Generally, the questions tested the important concepts covered in class.",Examination Pattern,Positive,2026-02-15
2547,"The teaching method is clear, organised and easy to follow. This could improve the learning experience.",Teacher Feedback,Positive,2026-01-20
2548,"Generally, the teacher follows the course outline for most of the semester.",Teacher Feedback,Neutral,2026-08-05
2549,The examination pattern was appropriate for the course. This could improve the learning experience.,Examination Pattern,Positive,2026-06-07
2550,The teaching method makes some topics difficult to understand.,Teacher Feedback,Negative,2026-05-14
2551,Students often have to share computers during laboratory work.,Laboratory,Negative,2026-06-22
2552,the examination was conducted according to the scheduled date. This could improve the learning experience.,Examination Pattern,Neutral,2026-03-06
2553,"For this semester, the library environment is quiet and suitable for studying.",Library Facilities,Positive,2026-06-18
2554,The exam provided a reasonable opportunity to demonstrate understanding.,Examination Pattern,Positive,2026-02-27
2555,"Overall, the questions tested the important concepts covered in class.",Examination Pattern,Positive,2026-04-01
2556,"Overall, students use the available computers during practical classes.",Laboratory,Neutral,2026-02-05
2557,"Generally, the teaching method is clear, organised and easy to follow.",Teacher Feedback,Positive,2026-03-11
2558,The syllabus contains practical and relevant topics.,Course Content,Positive,2026-09-15
2559,The lecturer explains concepts clearly and gives useful examples.,Teacher Feedback,Positive,2026-06-17
2560,"For this semester, some topics are difficult because the course materials are incomplete.",Course Content,Negative,2026-05-25
2561,"Overall, the exam contained questions from topics that were barely discussed.",Examination Pattern,Negative,2026-09-14
2562,The exam provided a reasonable opportunity to demonstrate understanding. This has helped my learning.,Examination Pattern,Positive,2026-08-01
2563,The lecturer covers the main topics included in the course outline.,Course Content,Neutral,2026-01-26
2564,The library resources are helpful when completing assignments.,Library Facilities,Positive,2026-02-22
2565,the lecturer gives assignments and discusses them in class. This could improve the learning experience.,Teacher Feedback,Neutral,2026-04-12
2566,Some topics are difficult because the course materials are incomplete. This affects students' learning.,Course Content,Negative,2026-06-17
2567,Many computers in the laboratory are not working properly.,Laboratory,Negative,2026-04-08
2568,"the teaching method is clear, organised and easy to follow.",Teacher Feedback,Positive,2026-06-07
2569,The internet connection is poor during practical sessions. This has helped my learning.,Laboratory,Negative,2026-07-08
2570,The syllabus contains topics that are not explained sufficiently.,Course Content,Negative,2026-06-09
2571,"In my experience, the library has a comfortable space for students to read.",Library Facilities,Positive,2026-10-06
2572,"Overall, students are assigned laboratory tasks during the semester.",Laboratory,Neutral,2026-07-02
2573,the available resources support my academic work.,Library Facilities,Positive,2026-02-16
2574,"The practical sessions help students understand the course better. Overall, this is my observation.",Laboratory,Positive,2026-04-26
2575,The lecturer gives helpful explanations when students have difficulties.,Teacher Feedback,Positive,2026-09-14
2576,"Overall, the lecturer provides explanations and examples during classes.",Teacher Feedback,Neutral,2026-07-22
2577,The library resources are helpful when completing assignments.,Library Facilities,Positive,2026-02-08
2578,some examination questions were confusing.,Examination Pattern,Negative,2026-09-25
2579,The exam included both theoretical and practical questions.,Examination Pattern,Neutral,2026-07-09
2580,The available resources support my academic work.,Library Facilities,Positive,2026-02-22
2581,"Overall, the exam included both theoretical and practical questions. Overall, this is my observation.",Examination Pattern,Neutral,2026-05-15
2582,"The lecturer explains concepts clearly and gives useful examples. Overall, this is my observation.",Teacher Feedback,Positive,2026-08-02
2583,The library provides access to useful academic materials. This could improve the learning experience.,Library Facilities,Positive,2026-08-15
2584,"The library provides useful books and learning resources. Overall, this is my observation.",Library Facilities,Positive,2026-03-11
2585,The course follows the topics listed in the syllabus. This affects students' learning.,Course Content,Neutral,2026-02-22
2586,The library provides useful books and learning resources.,Library Facilities,Positive,2026-07-29
2587,"In my experience, the course content is outdated and needs improvement.",Course Content,Negative,2026-02-26
2588,"In my experience, the laboratory is used for practical activities related to the course. This has helped my learning.",Laboratory,Neutral,2026-06-06
2589,The library provides a space for individual study.,Library Facilities,Neutral,2026-09-09
2590,The syllabus contains practical and relevant topics. This has helped my learning.,Course Content,Positive,2026-07-07
2591,"The course materials provide a good understanding of the subject. Overall, this is my observation.",Course Content,Positive,2026-05-26
2592,"Generally, the course content is interesting and supports further learning.",Course Content,Positive,2026-06-28
2593,"For this semester, the course content is relevant and covers important concepts. This has helped my learning.",Course Content,Positive,2026-01-12
2594,"Generally, the course materials provide a good understanding of the subject.",Course Content,Positive,2026-06-16
2595,The library provides access to useful academic materials.,Library Facilities,Positive,2026-05-07
2596,"For this semester, the examination pattern was appropriate for the course.",Examination Pattern,Positive,2026-08-09
2597,"In my experience, the course contains theoretical and practical topics.",Course Content,Neutral,2026-03-05
2598,laboratory sessions are conducted according to the timetable.,Laboratory,Neutral,2026-07-18
2599,The laboratory facilities are adequate for most activities. This has helped my learning.,Laboratory,Positive,2026-03-30
2600,"Overall, the examination questions were relevant to the topics taught.",Examination Pattern,Positive,2026-04-02
2601,"In my experience, the examination instructions were clear and easy to understand. Overall, this is my observation.",Examination Pattern,Positive,2026-05-13
2602,The practical sessions help students understand the course better.,Laboratory,Positive,2026-07-04
2603,"Generally, the teaching method is clear, organised and easy to follow. This could improve the learning experience.",Teacher Feedback,Positive,2026-02-26
2604,The available resources support my academic work.,Library Facilities,Positive,2026-08-16
2605,"In my experience, the course content is relevant and covers important concepts.",Course Content,Positive,2026-02-04
2606,The library environment is quiet and suitable for studying.,Library Facilities,Positive,2026-01-26
2607,"Generally, the lecturer gives helpful explanations when students have difficulties.",Teacher Feedback,Positive,2026-01-15
2608,The exam provided a reasonable opportunity to demonstrate understanding. This has helped my learning.,Examination Pattern,Positive,2026-02-07
2609,"Overall, the teacher follows the course outline for most of the semester.",Teacher Feedback,Neutral,2026-07-23
2610,"Overall, the lecturer provides explanations and examples during classes.",Teacher Feedback,Neutral,2026-05-27
2611,the examination instructions were clear and easy to understand.,Examination Pattern,Positive,2026-08-30
2612,"Overall, the teacher communicates the course topics effectively.",Teacher Feedback,Positive,2026-07-07
2613,"For this semester, the topics are well organised and useful for my studies. Overall, this is my observation.",Course Content,Positive,2026-07-06
2614,The course materials provide a good understanding of the subject.,Course Content,Positive,2026-07-22
2615,"In my experience, the library environment is quiet and suitable for studying.",Library Facilities,Positive,2026-07-12
2616,The practical sessions help students understand the course better.,Laboratory,Positive,2026-03-30
2617,"In my experience, the library is available to students during its operating hours.",Library Facilities,Neutral,2026-05-28
2618,the laboratory has useful equipment for practical sessions.,Laboratory,Positive,2026-04-11
2619,The lecturer explains concepts clearly and gives useful examples.,Teacher Feedback,Positive,2026-04-21
2620,"For this semester, the course materials provide a good understanding of the subject.",Course Content,Positive,2026-05-09
2621,The practical sessions help students understand the course better.,Laboratory,Positive,2026-08-20
2622,"For this semester, the library resources are helpful when completing assignments.",Library Facilities,Positive,2026-02-24
2623,The examination questions were difficult and not clearly related to the lectures.,Examination Pattern,Negative,2026-04-02
2624,The learning materials cover the required subject areas.,Course Content,Neutral,2026-04-01
2625,"In my experience, the learning materials cover the required subject areas. This affects students' learning.",Course Content,Neutral,2026-08-12
2626,The syllabus contains practical and relevant topics.,Course Content,Positive,2026-07-01
2627,"In my experience, students use the available computers during practical classes.",Laboratory,Neutral,2026-03-05
2628,"Generally, some examination questions were confusing.",Examination Pattern,Negative,2026-04-18
2629,"In my experience, the teacher communicates the course topics effectively.",Teacher Feedback,Positive,2026-02-02
2630,The examination consisted of the required number of questions.,Examination Pattern,Neutral,2026-02-05
2631,The library provides useful books and learning resources.,Library Facilities,Positive,2026-03-28
2632,"Overall, laboratory sessions are conducted according to the timetable.",Laboratory,Neutral,2026-08-18
2633,The available equipment supports the practical requirements of the course. This could improve the learning experience.,Laboratory,Positive,2026-08-01
2634,The teaching activities are conducted according to the timetable.,Teacher Feedback,Neutral,2026-04-11
2635,"In my experience, the topics are well organised and useful for my studies.",Course Content,Positive,2026-05-30
2636,"Overall, the lecturer covers the main topics included in the course outline. This has helped my learning.",Course Content,Neutral,2026-03-11
2637,The lecturer uses practical examples that make the lessons easy to understand.,Teacher Feedback,Positive,2026-02-16
2638,the library environment is quiet and suitable for studying.,Library Facilities,Positive,2026-08-10
2639,"In my experience, the learning materials cover the required subject areas.",Course Content,Neutral,2026-04-19
2640,The teacher communicates the course topics effectively.,Teacher Feedback,Positive,2026-08-12
2641,"The course content is outdated and needs improvement. Overall, this is my observation.",Course Content,Negative,2026-08-19
2642,The topics covered are useful for developing my academic knowledge.,Course Content,Positive,2026-05-14
2643,The teacher communicates the course topics effectively.,Teacher Feedback,Positive,2026-08-18
2644,"For this semester, the course content is relevant and covers important concepts.",Course Content,Positive,2026-06-02
2645,The library environment is quiet and suitable for studying.,Library Facilities,Positive,2026-01-28
2646,"In my experience, the library provides a space for individual study. This affects students' learning.",Library Facilities,Neutral,2026-08-09
2647,"For this semester, the exam was fair and reflected the course content. This affects students' learning.",Examination Pattern,Positive,2026-03-29
2648,The library resources are helpful when completing assignments.,Library Facilities,Positive,2026-04-04
2649,"In my experience, the examination consisted of the required number of questions.",Examination Pattern,Neutral,2026-03-13
2650,The available equipment supports the practical requirements of the course.,Laboratory,Positive,2026-05-05
2651,The available equipment supports the practical requirements of the course.,Laboratory,Positive,2026-03-18
2652,"In my experience, the lecturer uses practical examples that make the lessons easy to understand. This has helped my learning.",Teacher Feedback,Positive,2026-07-10
2653,The lecturer gives assignments and discusses them in class. This could improve the learning experience.,Teacher Feedback,Neutral,2026-06-19
2654,The library is available to students during its operating hours.,Library Facilities,Neutral,2026-06-15
2655,"Generally, the examination instructions were clear and easy to understand.",Examination Pattern,Positive,2026-08-26
2656,The laboratory has useful equipment for practical sessions.,Laboratory,Positive,2026-09-13
2657,The available resources support my academic work.,Library Facilities,Positive,2026-08-28
2658,the lecturer covers the required topics during the semester.,Teacher Feedback,Neutral,2026-10-03
2659,the course materials provide a good understanding of the subject.,Course Content,Positive,2026-05-25
2660,"Generally, the lecturer does not explain difficult topics clearly. This affects students' learning.",Teacher Feedback,Negative,2026-08-18
2661,The examination pattern was appropriate for the course.,Examination Pattern,Positive,2026-07-06
2662,The lecturer uses practical examples that make the lessons easy to understand.,Teacher Feedback,Positive,2026-09-21
2663,"In my experience, the syllabus contains practical and relevant topics.",Course Content,Positive,2026-03-05
2664,The questions covered several topics from the course.,Examination Pattern,Neutral,2026-05-16
2665,"In my experience, the exam provided a reasonable opportunity to demonstrate understanding.",Examination Pattern,Positive,2026-03-05
2666,The lecturer provides explanations and examples during classes.,Teacher Feedback,Neutral,2026-08-04
2667,"For this semester, the lecturer gives helpful explanations when students have difficulties. This has helped my learning.",Teacher Feedback,Positive,2026-02-16
2668,The teaching activities are conducted according to the timetable. This could improve the learning experience.,Teacher Feedback,Neutral,2026-06-02
2669,"For this semester, the lecturer gives helpful explanations when students have difficulties. Overall, this is my observation.",Teacher Feedback,Positive,2026-08-17
2670,The library resources are helpful when completing assignments. This has helped my learning.,Library Facilities,Positive,2026-04-28
2671,"Overall, the lecturer gives helpful explanations when students have difficulties. This has helped my learning.",Teacher Feedback,Positive,2026-04-29
2672,"Overall, the course content is presented according to the approved outline. Overall, this is my observation.",Course Content,Neutral,2026-02-10
2673,"For this semester, the laboratory facilities are adequate for most activities.",Laboratory,Positive,2026-07-09
2674,the library provides a space for individual study.,Library Facilities,Neutral,2026-06-21
2675,The practical sessions include demonstrations and exercises.,Laboratory,Neutral,2026-02-23
2676,"Overall, the library provides useful books and learning resources.",Library Facilities,Positive,2026-04-18
2677,"In my experience, the topics are well organised and useful for my studies.",Course Content,Positive,2026-08-09
2678,"Overall, the examination consisted of the required number of questions. This affects students' learning.",Examination Pattern,Neutral,2026-07-26
2679,The library provides access to useful academic materials.,Library Facilities,Positive,2026-06-07
2680,the lecturer covers the required topics during the semester.,Teacher Feedback,Neutral,2026-06-29
2681,"Generally, the examination questions were relevant to the topics taught.",Examination Pattern,Positive,2026-01-16
2682,The course content needs to be updated to include current examples.,Course Content,Negative,2026-02-02
2683,"Generally, the laboratory facilities are adequate for most activities. This affects students' learning.",Laboratory,Positive,2026-07-23
2684,"Generally, the practical sessions help students understand the course better.",Laboratory,Positive,2026-07-27
2685,"For this semester, the course follows the topics listed in the syllabus.",Course Content,Neutral,2026-06-01
2686,The teacher is approachable and responds well to students' questions.,Teacher Feedback,Positive,2026-06-18
2687,the course content is presented according to the approved outline.,Course Content,Neutral,2026-09-29
2688,"In my experience, the examination time was not enough for the number of questions.",Examination Pattern,Negative,2026-02-21
2689,the library contains textbooks and other learning materials.,Library Facilities,Neutral,2026-02-25
2690,The library contains textbooks and other learning materials.,Library Facilities,Neutral,2026-08-20
2691,"Overall, the lecturer moves through lessons too quickly. This has helped my learning.",Teacher Feedback,Negative,2026-06-24
2692,"Generally, the teaching activities are conducted according to the timetable.",Teacher Feedback,Neutral,2026-05-15
2693,"Generally, students can use the reading area for academic activities.",Library Facilities,Neutral,2026-04-11
2694,Many useful books are unavailable in the library.,Library Facilities,Negative,2026-08-15
2695,The library has a comfortable space for students to read.,Library Facilities,Positive,2026-03-27
2696,"Generally, the computers work well during practical classes. This could improve the learning experience.",Laboratory,Positive,2026-09-09
2697,The exam provided a reasonable opportunity to demonstrate understanding. This affects students' learning.,Examination Pattern,Positive,2026-02-05
2698,The available resources support my academic work.,Library Facilities,Positive,2026-07-24
2699,"In my experience, the library resources are helpful when completing assignments.",Library Facilities,Positive,2026-07-10
2700,"In my experience, the laboratory has useful equipment for practical sessions.",Laboratory,Positive,2026-07-07
2701,"In my experience, the laboratory provides a good environment for hands-on learning.",Laboratory,Positive,2026-01-15
2702,"For this semester, students can use the reading area for academic activities.",Library Facilities,Neutral,2026-07-19
2703,"For this semester, the lecturer uses practical examples that make the lessons easy to understand.",Teacher Feedback,Positive,2026-02-06
2704,The library provides useful books and learning resources. This affects students' learning.,Library Facilities,Positive,2026-02-25
2705,"For this semester, the computers work well during practical classes.",Laboratory,Positive,2026-01-28
2706,the library provides access to useful academic materials. This has helped my learning.,Library Facilities,Positive,2026-06-15
2707,"In my experience, the topics are well organised and useful for my studies. Overall, this is my observation.",Course Content,Positive,2026-09-14
2708,"Overall, the library provides access to useful academic materials.",Library Facilities,Positive,2026-01-10
2709,"For this semester, the examination questions were relevant to the topics taught. This affects students' learning.",Examination Pattern,Positive,2026-07-16
2710,"Generally, the lecturer uses practical examples that make the lessons easy to understand.",Teacher Feedback,Positive,2026-07-14
2711,"In my experience, the teacher communicates the course topics effectively.",Teacher Feedback,Positive,2026-02-05
2712,The questions tested the important concepts covered in class.,Examination Pattern,Positive,2026-07-24
2713,The exam provided a reasonable opportunity to demonstrate understanding.,Examination Pattern,Positive,2026-04-20
2714,"For this semester, the course content is relevant and covers important concepts.",Course Content,Positive,2026-02-07
2715,The laboratory provides a good environment for hands-on learning.,Laboratory,Positive,2026-03-16
2716,The library needs better internet access for academic research. This affects students' learning.,Library Facilities,Negative,2026-05-23
2717,The lecturer explains concepts clearly and gives useful examples.,Teacher Feedback,Positive,2026-03-04
2718,"Overall, the teacher communicates the course topics effectively.",Teacher Feedback,Positive,2026-04-06
2719,"The questions tested the important concepts covered in class. Overall, this is my observation.",Examination Pattern,Positive,2026-03-11
2720,"Generally, the course content is interesting and supports further learning.",Course Content,Positive,2026-06-12
2721,The teacher rarely responds to students' questions.,Teacher Feedback,Negative,2026-06-27
2722,"In my experience, the examination contained questions from different parts of the syllabus. Overall, this is my observation.",Examination Pattern,Neutral,2026-08-05
2723,"Generally, the exam was fair and reflected the course content.",Examination Pattern,Positive,2026-07-07
2724,The computers work well during practical classes.,Laboratory,Positive,2026-07-25
2725,"The library environment is quiet and suitable for studying. Overall, this is my observation.",Library Facilities,Positive,2026-04-06
2726,The exam was fair and reflected the course content.,Examination Pattern,Positive,2026-08-13
2727,The laboratory provides a good environment for hands-on learning.,Laboratory,Positive,2026-03-12
2728,The lecturer explains concepts clearly and gives useful examples. This affects students' learning.,Teacher Feedback,Positive,2026-06-17
2729,"Overall, the topics are well organised and useful for my studies.",Course Content,Positive,2026-10-02
2730,"For this semester, the course follows the topics listed in the syllabus. This could improve the learning experience.",Course Content,Neutral,2026-03-02
2731,The course content is relevant and covers important concepts.,Course Content,Positive,2026-09-17
2732,The learning materials cover the required subject areas.,Course Content,Neutral,2026-08-30
2733,"Overall, the lecturer explains concepts clearly and gives useful examples. Overall, this is my observation.",Teacher Feedback,Positive,2026-01-23
2734,"Generally, the exam was fair and reflected the course content.",Examination Pattern,Positive,2026-04-05
2735,"Overall, the course content is relevant and covers important concepts.",Course Content,Positive,2026-02-09
2736,"For this semester, the library environment is quiet and suitable for studying.",Library Facilities,Positive,2026-03-06
2737,"Overall, the teacher does not provide enough examples during lectures.",Teacher Feedback,Negative,2026-02-11
2738,"The teacher rarely responds to students' questions. Overall, this is my observation.",Teacher Feedback,Negative,2026-10-01
2739,"Overall, the exam provided a reasonable opportunity to demonstrate understanding.",Examination Pattern,Positive,2026-04-10
2740,The topics covered are useful for developing my academic knowledge.,Course Content,Positive,2026-09-08
2741,The library provides access to useful academic materials.,Library Facilities,Positive,2026-08-29
2742,the laboratory facilities are adequate for most activities.,Laboratory,Positive,2026-03-16
2743,The practical sessions include demonstrations and exercises.,Laboratory,Neutral,2026-04-02
2744,The examination pattern was appropriate for the course. This could improve the learning experience.,Examination Pattern,Positive,2026-09-23
2745,"Overall, many useful books are unavailable in the library.",Library Facilities,Negative,2026-03-14
2746,"For this semester, some important topics are not covered in the course. This has helped my learning.",Course Content,Negative,2026-06-26
2747,"The exam followed the general format used for the course. Overall, this is my observation.",Examination Pattern,Neutral,2026-08-18
2748,the library provides useful books and learning resources.,Library Facilities,Positive,2026-01-12
2749,the examination contained questions from different parts of the syllabus. This has helped my learning.,Examination Pattern,Neutral,2026-07-08
2750,the available resources support my academic work.,Library Facilities,Positive,2026-03-05
2751,"Generally, the laboratory facilities are adequate for most activities.",Laboratory,Positive,2026-04-24
2752,The course content is relevant and covers important concepts. This has helped my learning.,Course Content,Positive,2026-01-18
2753,The course content is presented according to the approved outline. This could improve the learning experience.,Course Content,Neutral,2026-04-23
2754,"For this semester, the computers work well during practical classes.",Laboratory,Positive,2026-08-10
2755,The examination questions were relevant to the topics taught.,Examination Pattern,Positive,2026-09-13
2756,"Overall, the course content is interesting and supports further learning. This has helped my learning.",Course Content,Positive,2026-06-24
2757,"Generally, some topics are difficult because the course materials are incomplete. This has helped my learning.",Course Content,Negative,2026-09-30
2758,"In my experience, the examination was conducted according to the scheduled date.",Examination Pattern,Neutral,2026-09-03
2759,"For this semester, the examination pattern was appropriate for the course.",Examination Pattern,Positive,2026-03-07
2760,"Generally, the lecturer uses practical examples that make the lessons easy to understand.",Teacher Feedback,Positive,2026-06-20
2761,Laboratory sessions are conducted according to the timetable.,Laboratory,Neutral,2026-07-09
2762,The course content is relevant and covers important concepts.,Course Content,Positive,2026-04-18
2763,The course follows the topics listed in the syllabus.,Course Content,Neutral,2026-08-31
2764,"For this semester, the lecturer gives helpful explanations when students have difficulties.",Teacher Feedback,Positive,2026-09-07
2765,the questions covered several topics from the course.,Examination Pattern,Neutral,2026-06-07
2766,"In my experience, the semester covers the major topics in the syllabus.",Course Content,Neutral,2026-07-14
2767,"For this semester, the topics covered are useful for developing my academic knowledge. This has helped my learning.",Course Content,Positive,2026-02-07
2768,"Overall, the available resources support my academic work.",Library Facilities,Positive,2026-04-23
2769,"Overall, the teacher is approachable and responds well to students' questions.",Teacher Feedback,Positive,2026-06-20
2770,"In my experience, the library environment is quiet and suitable for studying.",Library Facilities,Positive,2026-08-04
2771,The examination pattern was appropriate for the course.,Examination Pattern,Positive,2026-05-04
2772,The course content is interesting and supports further learning.,Course Content,Positive,2026-02-27
2773,"For this semester, the practical sessions include demonstrations and exercises.",Laboratory,Neutral,2026-07-12
2774,The internet connection is poor during practical sessions.,Laboratory,Negative,2026-02-21
2775,The teaching method makes some topics difficult to understand.,Teacher Feedback,Negative,2026-06-21
2776,"In my experience, the exam followed the general format used for the course. Overall, this is my observation.",Examination Pattern,Neutral,2026-02-22
2777,the practical sessions help students understand the course better.,Laboratory,Positive,2026-03-08
2778,"For this semester, the library provides books for different academic subjects.",Library Facilities,Neutral,2026-05-09
2779,the syllabus contains practical and relevant topics. This affects students' learning.,Course Content,Positive,2026-06-12
2780,"In my experience, the lecturer moves through lessons too quickly.",Teacher Feedback,Negative,2026-01-22
2781,the course contains theoretical and practical topics.,Course Content,Neutral,2026-06-30
2782,"Generally, the laboratory facilities are adequate for most activities.",Laboratory,Positive,2026-05-13
2783,The lecturer explains concepts clearly and gives useful examples.,Teacher Feedback,Positive,2026-08-09
2784,"For this semester, the course content is interesting and supports further learning.",Course Content,Positive,2026-05-09
2785,The questions covered several topics from the course.,Examination Pattern,Neutral,2026-08-02
2786,the library provides useful books and learning resources.,Library Facilities,Positive,2026-07-25
2787,The teaching activities are conducted according to the timetable.,Teacher Feedback,Neutral,2026-02-24
2788,The course content needs to be updated to include current examples.,Course Content,Negative,2026-04-19
2789,The computers work well during practical classes.,Laboratory,Positive,2026-03-22
2790,"In my experience, the computers work well during practical classes. This has helped my learning.",Laboratory,Positive,2026-10-06
2791,"Generally, the course content is interesting and supports further learning. Overall, this is my observation.",Course Content,Positive,2026-07-16
2792,"The examination instructions were clear and easy to understand. Overall, this is my observation.",Examination Pattern,Positive,2026-04-02
2793,The library is available to students during its operating hours.,Library Facilities,Neutral,2026-03-20
2794,The lecturer uses practical examples that make the lessons easy to understand.,Teacher Feedback,Positive,2026-04-29
2795,the library provides useful books and learning resources.,Library Facilities,Positive,2026-07-26
2796,"Generally, the computers work well during practical classes. Overall, this is my observation.",Laboratory,Positive,2026-07-20
2797,"Generally, the library has a comfortable space for students to read.",Library Facilities,Positive,2026-06-21
2798,"Overall, the questions covered several topics from the course. This affects students' learning.",Examination Pattern,Neutral,2026-06-06
2799,"Overall, the exam pattern did not reflect what was taught in class.",Examination Pattern,Negative,2026-08-13
2800,"For this semester, the course follows the topics listed in the syllabus. This has helped my learning.",Course Content,Neutral,2026-04-16
2801,The exam contained questions from topics that were barely discussed.,Examination Pattern,Negative,2026-08-30
2802,"Overall, the syllabus contains practical and relevant topics.",Course Content,Positive,2026-02-15
2803,"Overall, the computers work well during practical classes. This affects students' learning.",Laboratory,Positive,2026-03-16
2804,The available equipment supports the practical requirements of the course.,Laboratory,Positive,2026-08-02
2805,"For this semester, the lecturer covers the required topics during the semester.",Teacher Feedback,Neutral,2026-09-27
2806,The library provides useful books and learning resources.,Library Facilities,Positive,2026-03-14
2807,"For this semester, the library resources are helpful when completing assignments.",Library Facilities,Positive,2026-01-19
2808,The practical sessions include demonstrations and exercises. This has helped my learning.,Laboratory,Neutral,2026-05-15
2809,The course content is interesting and supports further learning.,Course Content,Positive,2026-03-26
2810,"For this semester, the library resources are helpful when completing assignments.",Library Facilities,Positive,2026-04-28
2811,The available equipment supports the practical requirements of the course. This has helped my learning.,Laboratory,Positive,2026-02-12
2812,"In my experience, the teacher rarely responds to students' questions. This affects students' learning.",Teacher Feedback,Negative,2026-07-14
2813,"In my experience, the laboratory facilities are adequate for most activities.",Laboratory,Positive,2026-04-07
2814,the course content is relevant and covers important concepts.,Course Content,Positive,2026-04-04
2815,"For this semester, the examination consisted of the required number of questions.",Examination Pattern,Neutral,2026-02-04
2816,"In my experience, the exam followed the general format used for the course.",Examination Pattern,Neutral,2026-08-16
2817,The library resources are helpful when completing assignments.,Library Facilities,Positive,2026-08-23
2818,"Overall, some topics are difficult because the course materials are incomplete.",Course Content,Negative,2026-08-26
2819,The library has a comfortable space for students to read. This could improve the learning experience.,Library Facilities,Positive,2026-02-27
2820,The course content is interesting and supports further learning.,Course Content,Positive,2026-09-19
2821,"In my experience, the examination contained questions from different parts of the syllabus.",Examination Pattern,Neutral,2026-07-08
2822,"In my experience, the lecturer gives assignments and discusses them in class.",Teacher Feedback,Neutral,2026-04-18
2823,The lecturer covers the required topics during the semester.,Teacher Feedback,Neutral,2026-06-02
2824,"For this semester, the available resources support my academic work.",Library Facilities,Positive,2026-08-18
2825,Students can use the reading area for academic activities.,Library Facilities,Neutral,2026-09-11
2826,"For this semester, the lecturer explains concepts clearly and gives useful examples.",Teacher Feedback,Positive,2026-08-07
2827,"Overall, the library provides access to useful academic materials. This has helped my learning.",Library Facilities,Positive,2026-06-15
2828,"Overall, the computers work well during practical classes.",Laboratory,Positive,2026-06-13
2829,"Overall, the teacher communicates the course topics effectively.",Teacher Feedback,Positive,2026-03-30
2830,The examination questions were relevant to the topics taught.,Examination Pattern,Positive,2026-05-08
2831,"Generally, the course follows the topics listed in the syllabus. Overall, this is my observation.",Course Content,Neutral,2026-04-17
2832,The practical sessions include demonstrations and exercises.,Laboratory,Neutral,2026-05-08
2833,The library has a comfortable space for students to read. This has helped my learning.,Library Facilities,Positive,2026-05-30
2834,"Generally, some laboratory equipment is outdated.",Laboratory,Negative,2026-06-23
2835,"Overall, students often have to share computers during laboratory work.",Laboratory,Negative,2026-09-16
2836,"For this semester, there is too much theory and not enough practical content.",Course Content,Negative,2026-06-25
2837,The lecturer explains concepts clearly and gives useful examples.,Teacher Feedback,Positive,2026-07-22
2838,The available resources support my academic work. This has helped my learning.,Library Facilities,Positive,2026-05-21
2839,The internet connection is poor during practical sessions. This has helped my learning.,Laboratory,Negative,2026-10-02
2840,Students often have to share computers during laboratory work.,Laboratory,Negative,2026-07-17
2841,"Overall, the exam provided a reasonable opportunity to demonstrate understanding. This affects students' learning.",Examination Pattern,Positive,2026-06-18
2842,the exam provided a reasonable opportunity to demonstrate understanding.,Examination Pattern,Positive,2026-09-11
2843,"For this semester, some examination questions were confusing.",Examination Pattern,Negative,2026-05-14
2844,The teacher is approachable and responds well to students' questions.,Teacher Feedback,Positive,2026-05-15
2845,the examination questions were relevant to the topics taught. This affects students' learning.,Examination Pattern,Positive,2026-07-13
2846,"In my experience, the examination instructions were clear and easy to understand.",Examination Pattern,Positive,2026-08-29
2847,The teaching activities are conducted according to the timetable.,Teacher Feedback,Neutral,2026-05-05
2848,The computers work well during practical classes.,Laboratory,Positive,2026-06-06
2849,"The laboratory has useful equipment for practical sessions. Overall, this is my observation.",Laboratory,Positive,2026-08-09
2850,"Overall, the lecturer explains concepts clearly and gives useful examples.",Teacher Feedback,Positive,2026-08-03
2851,"In my experience, some important topics are not covered in the course. This could improve the learning experience.",Course Content,Negative,2026-01-19
2852,The teacher is approachable and responds well to students' questions.,Teacher Feedback,Positive,2026-09-03
2853,"In my experience, laboratory sessions are conducted according to the timetable. This could improve the learning experience.",Laboratory,Neutral,2026-07-20
2854,"Overall, the teacher is approachable and responds well to students' questions.",Teacher Feedback,Positive,2026-02-10
2855,The course materials provide a good understanding of the subject.,Course Content,Positive,2026-02-13
2856,The library provides access to useful academic materials.,Library Facilities,Positive,2026-06-24
2857,"For this semester, the lecturer covers the required topics during the semester.",Teacher Feedback,Neutral,2026-03-11
2858,the library has a comfortable space for students to read. This could improve the learning experience.,Library Facilities,Positive,2026-09-11
2859,"Overall, the lecturer covers the main topics included in the course outline. This could improve the learning experience.",Course Content,Neutral,2026-07-26
2860,the lecturer uses practical examples that make the lessons easy to understand.,Teacher Feedback,Positive,2026-03-15
2861,"In my experience, the lecturer uses practical examples that make the lessons easy to understand. This could improve the learning experience.",Teacher Feedback,Positive,2026-06-01
2862,The library provides access to useful academic materials. This could improve the learning experience.,Library Facilities,Positive,2026-10-06
2863,"Some examination questions were confusing. Overall, this is my observation.",Examination Pattern,Negative,2026-05-06
2864,The library provides useful books and learning resources.,Library Facilities,Positive,2026-01-26
2865,"Overall, the teaching method is clear, organised and easy to follow.",Teacher Feedback,Positive,2026-02-07
2866,"Generally, the exam was fair and reflected the course content.",Examination Pattern,Positive,2026-04-19
2867,The course materials provide a good understanding of the subject.,Course Content,Positive,2026-03-12
2868,"Overall, the internet connection is poor during practical sessions. This could improve the learning experience.",Laboratory,Negative,2026-08-04
2869,"the lecturer explains concepts clearly and gives useful examples. Overall, this is my observation.",Teacher Feedback,Positive,2026-04-30
2870,"Overall, the teacher follows the course outline for most of the semester.",Teacher Feedback,Neutral,2026-03-08
2871,"Overall, laboratory sessions are conducted according to the timetable.",Laboratory,Neutral,2026-09-23
2872,"In my experience, the lecturer uses practical examples that make the lessons easy to understand.",Teacher Feedback,Positive,2026-04-18
2873,"Generally, the exam was fair and reflected the course content.",Examination Pattern,Positive,2026-08-18
2874,"For this semester, the laboratory has useful equipment for practical sessions.",Laboratory,Positive,2026-09-17
2875,The practical sessions include demonstrations and exercises.,Laboratory,Neutral,2026-06-01
2876,The laboratory does not have enough equipment for all students.,Laboratory,Negative,2026-07-19
2877,"For this semester, the laboratory provides computers for scheduled practical sessions.",Laboratory,Neutral,2026-07-09
2878,"In my experience, the lecturer gives assignments and discusses them in class.",Teacher Feedback,Neutral,2026-07-04
2879,The exam provided a reasonable opportunity to demonstrate understanding.,Examination Pattern,Positive,2026-08-09
2880,"In my experience, the teacher communicates the course topics effectively.",Teacher Feedback,Positive,2026-01-23
2881,There are not enough seats for students during busy periods. This could improve the learning experience.,Library Facilities,Negative,2026-09-03
2882,The lecturer gives helpful explanations when students have difficulties.,Teacher Feedback,Positive,2026-08-12
2883,"Overall, the topics covered are useful for developing my academic knowledge.",Course Content,Positive,2026-05-22
2884,"For this semester, the lecturer gives assignments and discusses them in class.",Teacher Feedback,Neutral,2026-05-07
2885,the lecturer uses practical examples that make the lessons easy to understand.,Teacher Feedback,Positive,2026-01-30
2886,"Generally, some examination questions were confusing.",Examination Pattern,Negative,2026-07-27
2887,The teacher does not provide enough examples during lectures.,Teacher Feedback,Negative,2026-02-15
2888,The topics are well organised and useful for my studies. This affects students' learning.,Course Content,Positive,2026-05-26
2889,"Overall, the library does not have enough current textbooks.",Library Facilities,Negative,2026-05-31
2890,the teaching activities are conducted according to the timetable.,Teacher Feedback,Neutral,2026-06-25
2891,The examination pattern was appropriate for the course. This could improve the learning experience.,Examination Pattern,Positive,2026-08-26
2892,The course content is relevant and covers important concepts.,Course Content,Positive,2026-08-17
2893,"Overall, the available equipment supports the practical requirements of the course. This has helped my learning.",Laboratory,Positive,2026-09-15
2894,The course content is relevant and covers important concepts.,Course Content,Positive,2026-05-13
2895,The lecturer gives helpful explanations when students have difficulties.,Teacher Feedback,Positive,2026-09-18
2896,The laboratory facilities are adequate for most activities.,Laboratory,Positive,2026-03-19
2897,"The teaching method is clear, organised and easy to follow.",Teacher Feedback,Positive,2026-08-07
2898,"Overall, the course content is outdated and needs improvement.",Course Content,Negative,2026-06-29
2899,The library provides access to useful academic materials. This has helped my learning.,Library Facilities,Positive,2026-02-01
2900,The practical sessions help students understand the course better.,Laboratory,Positive,2026-04-10
2901,"For this semester, the lecturer uses practical examples that make the lessons easy to understand.",Teacher Feedback,Positive,2026-03-03
2902,"The library resources are helpful when completing assignments. Overall, this is my observation.",Library Facilities,Positive,2026-04-12
2903,The library provides useful books and learning resources.,Library Facilities,Positive,2026-06-09
2904,"Generally, the exam provided a reasonable opportunity to demonstrate understanding.",Examination Pattern,Positive,2026-03-21
2905,"For this semester, some important topics are not covered in the course.",Course Content,Negative,2026-09-19
2906,"In my experience, the examination instructions were clear and easy to understand. Overall, this is my observation.",Examination Pattern,Positive,2026-03-23
2907,"In my experience, the library environment is quiet and suitable for studying. This could improve the learning experience.",Library Facilities,Positive,2026-05-17
2908,The teacher communicates the course topics effectively. This has helped my learning.,Teacher Feedback,Positive,2026-08-01
2909,"Generally, the course content is interesting and supports further learning.",Course Content,Positive,2026-02-05
2910,The course content is interesting and supports further learning.,Course Content,Positive,2026-02-17
2911,The laboratory is used for practical activities related to the course. This affects students' learning.,Laboratory,Neutral,2026-05-02
2912,"Overall, the available resources support my academic work.",Library Facilities,Positive,2026-01-18
2913,"Overall, the library provides access to useful academic materials.",Library Facilities,Positive,2026-05-17
2914,Many useful books are unavailable in the library.,Library Facilities,Negative,2026-03-23
2915,"In my experience, the teaching method is clear, organised and easy to follow. This has helped my learning.",Teacher Feedback,Positive,2026-03-03
2916,the laboratory has useful equipment for practical sessions.,Laboratory,Positive,2026-05-15
2917,The teacher communicates the course topics effectively.,Teacher Feedback,Positive,2026-03-06
2918,the teacher communicates the course topics effectively.,Teacher Feedback,Positive,2026-09-05
2919,the library provides books for different academic subjects. This has helped my learning.,Library Facilities,Neutral,2026-08-21
2920,The teacher communicates the course topics effectively.,Teacher Feedback,Positive,2026-04-05
2921,"The teaching method is clear, organised and easy to follow.",Teacher Feedback,Positive,2026-08-14
2922,The course content is relevant and covers important concepts.,Course Content,Positive,2026-04-23
2923,The library provides a space for individual study.,Library Facilities,Neutral,2026-07-12
2924,"In my experience, the teacher is approachable and responds well to students' questions.",Teacher Feedback,Positive,2026-09-08
2925,The exam was fair and reflected the course content. This has helped my learning.,Examination Pattern,Positive,2026-08-22
2926,Some examination questions were confusing.,Examination Pattern,Negative,2026-03-11
2927,"Overall, the library does not have enough current textbooks.",Library Facilities,Negative,2026-07-24
2928,"Generally, students use the library to read and access academic materials.",Library Facilities,Neutral,2026-06-08
2929,"Overall, students use the available computers during practical classes.",Laboratory,Neutral,2026-07-13
2930,"In my experience, the lecturer provides explanations and examples during classes.",Teacher Feedback,Neutral,2026-07-30
2931,"Generally, the learning materials cover the required subject areas. This has helped my learning.",Course Content,Neutral,2026-06-10
2932,The course content is relevant and covers important concepts.,Course Content,Positive,2026-02-16
2933,The library contains textbooks and other learning materials.,Library Facilities,Neutral,2026-04-27
2934,The library environment is quiet and suitable for studying.,Library Facilities,Positive,2026-08-07
2935,The lecturer gives assignments and discusses them in class.,Teacher Feedback,Neutral,2026-01-26
2936,The practical sessions help students understand the course better.,Laboratory,Positive,2026-02-20
2937,"For this semester, the library provides access to useful academic materials.",Library Facilities,Positive,2026-03-07
2938,"For this semester, the course contains theoretical and practical topics.",Course Content,Neutral,2026-09-11
2939,the exam provided a reasonable opportunity to demonstrate understanding.,Examination Pattern,Positive,2026-07-27
2940,The laboratory has useful equipment for practical sessions.,Laboratory,Positive,2026-03-26
2941,The syllabus contains practical and relevant topics.,Course Content,Positive,2026-01-14
2942,"Overall, the examination instructions were clear and easy to understand. Overall, this is my observation.",Examination Pattern,Positive,2026-02-14
2943,The lecturer explains concepts clearly and gives useful examples.,Teacher Feedback,Positive,2026-04-05
2944,"For this semester, the laboratory has useful equipment for practical sessions. Overall, this is my observation.",Laboratory,Positive,2026-07-12
2945,"Generally, the teaching method is clear, organised and easy to follow.",Teacher Feedback,Positive,2026-06-30
2946,"Overall, the course follows the topics listed in the syllabus.",Course Content,Neutral,2026-04-02
2947,The examination pattern was appropriate for the course.,Examination Pattern,Positive,2026-08-17
2948,"In my experience, the exam was fair and reflected the course content.",Examination Pattern,Positive,2026-07-06
2949,"students use the available computers during practical classes. Overall, this is my observation.",Laboratory,Neutral,2026-02-02
2950,The examination instructions were clear and easy to understand.,Examination Pattern,Positive,2026-02-05
2951,The teacher rarely responds to students' questions.,Teacher Feedback,Negative,2026-08-18
2952,There is too much theory and not enough practical content.,Course Content,Negative,2026-06-12
2953,The lecturer explains concepts clearly and gives useful examples.,Teacher Feedback,Positive,2026-06-26
2954,"For this semester, the lecturer gives assignments and discusses them in class.",Teacher Feedback,Neutral,2026-07-07
2955,"In my experience, the laboratory facilities are adequate for most activities.",Laboratory,Positive,2026-01-20
2956,The practical sessions help students understand the course better.,Laboratory,Positive,2026-02-06
2957,"Generally, the library provides a space for individual study.",Library Facilities,Neutral,2026-03-17
2958,"Generally, the exam provided a reasonable opportunity to demonstrate understanding. This has helped my learning.",Examination Pattern,Positive,2026-06-11
2959,some examination questions were confusing.,Examination Pattern,Negative,2026-06-02
2960,The laboratory does not have enough equipment for all students.,Laboratory,Negative,2026-03-30
2961,"Overall, the laboratory provides a good environment for hands-on learning.",Laboratory,Positive,2026-05-27
2962,"For this semester, the practical sessions include demonstrations and exercises.",Laboratory,Neutral,2026-02-01
2963,"The exam provided a reasonable opportunity to demonstrate understanding. Overall, this is my observation.",Examination Pattern,Positive,2026-07-20
2964,The exam was fair and reflected the course content. This could improve the learning experience.,Examination Pattern,Positive,2026-03-03
2965,The topics covered are useful for developing my academic knowledge.,Course Content,Positive,2026-02-20
2966,the library provides useful books and learning resources.,Library Facilities,Positive,2026-03-12
2967,"For this semester, the teacher communicates the course topics effectively.",Teacher Feedback,Positive,2026-04-12
2968,"Overall, the topics are well organised and useful for my studies.",Course Content,Positive,2026-10-03
2969,"In my experience, the examination instructions were clear and easy to understand.",Examination Pattern,Positive,2026-06-28
2970,The exam provided a reasonable opportunity to demonstrate understanding.,Examination Pattern,Positive,2026-06-05
2971,The library environment is quiet and suitable for studying.,Library Facilities,Positive,2026-03-15
2972,The course contains theoretical and practical topics.,Course Content,Neutral,2026-03-22
2973,"In my experience, the exam pattern did not reflect what was taught in class. This affects students' learning.",Examination Pattern,Negative,2026-03-22
2974,"Generally, the course content is outdated and needs improvement.",Course Content,Negative,2026-02-09
2975,The library is available to students during its operating hours.,Library Facilities,Neutral,2026-05-30
2976,the available resources support my academic work. This could improve the learning experience.,Library Facilities,Positive,2026-02-14
2977,The lecturer uses practical examples that make the lessons easy to understand.,Teacher Feedback,Positive,2026-04-04
2978,"In my experience, the library has a comfortable space for students to read.",Library Facilities,Positive,2026-07-24
2979,"In my experience, the laboratory provides a good environment for hands-on learning.",Laboratory,Positive,2026-01-19
2980,The syllabus contains topics that are not explained sufficiently. This has helped my learning.,Course Content,Negative,2026-09-24
2981,the topics covered are useful for developing my academic knowledge.,Course Content,Positive,2026-08-08
2982,The available resources support my academic work.,Library Facilities,Positive,2026-03-26
2983,"Overall, the examination questions were relevant to the topics taught. This affects students' learning.",Examination Pattern,Positive,2026-05-17
2984,The computers work well during practical classes.,Laboratory,Positive,2026-02-12
2985,The exam provided a reasonable opportunity to demonstrate understanding.,Examination Pattern,Positive,2026-03-17
2986,The practical sessions help students understand the course better.,Laboratory,Positive,2026-08-10
2987,"The questions tested the important concepts covered in class. Overall, this is my observation.",Examination Pattern,Positive,2026-08-10
2988,the library provides a space for individual study.,Library Facilities,Neutral,2026-09-05
2989,the examination questions were relevant to the topics taught.,Examination Pattern,Positive,2026-08-19
2990,The course content is relevant and covers important concepts. This could improve the learning experience.,Course Content,Positive,2026-03-16
2991,The library provides access to useful academic materials.,Library Facilities,Positive,2026-03-04
2992,The lecturer covers the main topics included in the course outline.,Course Content,Neutral,2026-09-22
2993,The library provides access to useful academic materials.,Library Facilities,Positive,2026-03-17
2994,The laboratory provides computers for scheduled practical sessions.,Laboratory,Neutral,2026-08-25
2995,"Generally, the exam provided a reasonable opportunity to demonstrate understanding.",Examination Pattern,Positive,2026-06-06
2996,The laboratory provides a good environment for hands-on learning.,Laboratory,Positive,2026-02-23
2997,"Overall, the lecturer does not explain difficult topics clearly.",Teacher Feedback,Negative,2026-07-25
2998,The lecturer moves through lessons too quickly.,Teacher Feedback,Negative,2026-05-23
2999,the lecturer gives helpful explanations when students have difficulties. This affects students' learning.,Teacher Feedback,Positive,2026-06-16
3000,"Generally, the examination contained questions from different parts of the syllabus.",Examination Pattern,Neutral,2026-07-23
